Date,Alameda,Alpine,Amador,Butte,Calaveras,Colusa,Contra Costa,Del Norte,El Dorado,Fresno,Glenn,Humboldt,Imperial,Inyo,Kern,Kings,Lake,Lassen,Los Angeles,Madera,Marin,Mariposa,Mendocino,Merced,Modoc,Mono,Monterey,Napa,Nevada,Orange,Placer,Plumas,Riverside,Sacramento,San Benito,San Bernardino,San Diego,San Francisco,San Joaquin,San Luis Obispo,San Mateo,Santa Barbara,Santa Clara,Santa Cruz,Shasta,Sierra,Siskiyou,Solano,Sonoma,Stanislaus,Sutter,Tehama,Trinity,Tulare,Tuolumne,Ventura,Yolo,Yuba
01/01/12,47562789.53,35873.99103,1131507.52,6809904.952,1399762.518,656561.7226,32996380.07,864790.8575,5560068.642,29170631.21,868944.3642,4160244.591,5510503.462,570507.2175,26314003.15,4658419.259,1994575.441,1031392.625,306340746.8,4665095.636,7896646.9,561461.803,2698117.939,8071001.88,297175.7113,437656.5372,13002660.35,4257313.58,3017907.187,94527074.13,11065187.93,597674.2279,69055032.93,44382403.31,1738873.263,63727899.09,97278449.25,25514499.27,21509841.96,8366485.422,22675131.33,13178522.89,56454647.39,8224927.761,5478813.745,99468.79331,1379610.319,12814183.44,15039909.22,16065640.77,2921299.698,1941502.856,422734.6799,13880496.29,1691892.488,25688977.32,6306776.843,2246677.913
02/01/12,47139289.03,35554.56794,1121432.543,6749269.355,1387298.991,650715.6774,32702579.31,857090.7338,5510561.624,28910895.04,861207.2575,4123201.648,5461437.775,565427.4042,26079702.48,4616940.554,1976815.682,1022209.075,303613079.6,4623557.485,7826334.92,556462.5303,2674093.816,7999137.438,294529.6498,433759.6303,12886884.27,4219406.333,2991035.651,93685402.23,10966663.16,592352.5187,68440164.85,43987221.06,1723390.284,63160463.97,96412279.03,25287317.4,21318317.68,8291989.986,22473231.29,13061180.93,55951973.52,8151692.758,5430030.223,98583.12019,1367326.227,12700085.57,14905993.42,15922591.82,2895288.358,1924215.656,418970.6376,13756903.94,1676827.826,25460241.89,6250621.113,2226673.426
03/01/12,50529802.73,38111.84558,1202092.062,7234713.465,1487081.069,697518.6832,35054726.44,918737.3547,5906911.147,30990323.64,923149.9611,4419764.706,5854254.043,606096.0142,27955496.34,4949015.996,2118999.003,1095731.903,325450581.4,4956108.852,8389247.436,596486.3379,2866429.168,8574478.85,315713.822,464957.9789,13813778.98,4522888.954,3206167.181,100423765.2,11755445.14,634957.7292,73362753.23,47151020.92,1847345.873,67703307.6,103346773.8,27106118.62,22851646.88,8888394.943,24089628.14,14000612.01,59976343.36,8738006.777,5820587.49,105673.7537,1465671.756,13613544.7,15978113.43,17067831.11,3103533.223,2062615.698,449105.2815,14746375.19,1797434.391,27291480.78,6700199.734,2386827.873
04/01/12,48456128.43,36547.78733,1152759.841,6937810.676,1426053.287,668893.4662,33616128.2,881033.6246,5664499.557,29718522.96,885265.1437,4238383.581,5614003.428,581222.6591,26808240.83,4745915.118,2032038.169,1050764.558,312094532.7,4752716.893,8044964.144,572007.3508,2748794.818,8222593.913,302757.3566,445876.7365,13246880.3,4337275.75,3074590.445,96302510.62,11273017.68,608899.9285,70352045.73,45216007.22,1771533.314,64924856.04,99105562.92,25993720.42,21913846.41,8523627.317,23101022.61,13426045.95,57514995.9,8379410.877,5581718.505,101337.0467,1405522.583,13054863.37,15322393.41,16367390.56,2976168.445,1977968.758,430674.6123,14141204.03,1723670.131,26171475.57,6425232.66,2288875.707
05/01/12,52161547.81,39342.58097,1240910.892,7468342.086,1535102.971,720043.4631,36186739.12,948405.8885,6097661.411,31991085.68,952960.99,4562490.957,6043303.866,625668.5068,28858255.52,5108833.214,2187427.257,1131116.074,335960267.9,5116155.118,8660159.106,615748.5078,2958993.98,8851372.147,325909.082,479972.7396,14259863.56,4668945.368,3309703.06,103666722.4,12135060.52,655462.2452,75731836.53,48673655.93,1907001.708,69889631.97,106684122.9,27981449.08,23589588.86,9175425.447,24867547.91,14452729.94,61913142.99,9020180.837,6008550.128,109086.2472,1513002.293,14053163.17,16494090.27,17618997.91,3203754.771,2129223.181,463608.1154,15222575.84,1855478.448,28172797.09,6916567.449,2463905.052
06/01/12,50166962.56,37838.17523,1193460.181,7182763.041,1476402.762,692509.9995,34803008.4,912140.1624,5864495.294,30767790.92,916521.0832,4388027.63,5812216.306,601743.8107,27754755.85,4913478.516,2103783.072,1087863.764,323113613.1,4920520.441,8329006.631,592203.1388,2845846.154,8512907.951,313446.7706,461619.2476,13714586.15,4490411.372,3183144.604,99702650.65,11671032.63,630398.2779,72835956.12,46812442.82,1834080.607,67217149.36,102604669.9,26911477.27,22687555.69,8824569.902,23916647.36,13900077.59,59545670.26,8675261.63,5778791.503,104914.9404,1455147.183,13515789.7,15863379.13,16945271.86,3081247.631,2047804.64,445880.3839,14640485.65,1784527.525,27095508.4,6652087.501,2369688.739
07/01/12,50218476.35,37877.02925,1194685.682,7190138.64,1477918.802,693221.1014,34838745.76,913076.7909,5870517.234,30799384.74,917462.2102,4392533.463,5818184.563,602361.7096,27783255.74,4918523.907,2105943.336,1088980.833,323445401.4,4925573.063,8337559.247,592811.2408,2848768.402,8521649.405,313768.6325,462093.2599,13728668.94,4495022.337,3186413.207,99805030.02,11683016.99,631045.6005,72910747.51,46860512.04,1835963.927,67286171.09,102710029.2,26939111.24,22710852.34,8833631.385,23941206.1,13914350.84,59606814.56,8684169.797,5784725.438,105022.672,1456641.397,13529668.35,15879668.39,16962672.06,3084411.601,2049907.422,446338.2349,14655519.19,1786359.962,27123331.34,6658918.178,2372122.047
08/01/12,51299791.31,38692.60553,1220409.909,7344958.241,1509741.665,708147.6862,35588901.08,932737.3553,5996922.465,31462563.67,937217.2025,4487114.432,5943462.956,615331.8906,28381490.73,5024430.614,2151288.957,1112429.001,330409896.8,5031631.554,8517085.353,605575.779,2910108.692,8705139.38,320524.7657,472043.1507,14024277.57,4591810.118,3255023.736,101954053.2,11934578.21,644633.4092,74480677.29,47869522.59,1875496.295,68734991.29,104921603.5,27519169.94,23199867.26,9023839.023,24456713.26,14213957.61,60890281.22,8871159.196,5909283.382,107284.0426,1488006.11,13820992.06,16221592.81,17327915.94,3150825.811,2094046.466,455948.8851,14971084.96,1824824.246,27707356.7,6802299.426,2423199.086
09/01/12,48678316.57,36715.37161,1158045.645,6969622.943,1432592.235,671960.5747,33770269.8,885073.4692,5690473.251,29854792.69,889324.3913,4257818.039,5639745.58,583887.7665,26931165.91,4767676.784,2041355.768,1055582.678,313525594.3,4774509.748,8081853.094,574630.2028,2761398.995,8260297.357,304145.6041,447921.2359,13307621.84,4357163.663,3088688.508,96744091.02,11324708.38,611691.9458,70674634.25,45423338.29,1779656.409,65222559.01,99559996.28,26112910.64,22014328.99,8562711.104,23206948.8,13487609.03,57778722.09,8417833.381,5607312.619,101801.7122,1411967.391,13114724.44,15392651.9,16442440.72,2989815.209,1987038.43,432649.4047,14206046.35,1731573.756,26291480.85,6454694.579,2299370.996
10/01/12,49790504.33,37554.23354,1184504.328,7128862.823,1465323.678,687313.3308,34541842.92,905295.3656,5820487.498,30536906.15,909643.4115,4355099.404,5768600.817,597228.2612,27546481.21,4876607.251,2087996.06,1079700.318,320688934.2,4883596.332,8266504.879,587759.1834,2824490.621,8449026.183,311094.6327,458155.2076,13611670.44,4456714.847,3159257.948,98954471.35,11583451.96,625667.7022,72289387.36,46461157.27,1820317.471,66712744.72,101834713.6,26709530.68,22517305.86,8758349.39,23737174.29,13795769.92,59098833.22,8610161.544,5735426.837,104127.6475,1444227.604,13414365.78,15744338.65,16818112.74,3058125.621,2032437.696,442534.4501,14530621.89,1771136.241,26892180.82,6602169.529,2351906.343
11/01/12,47420060.88,35766.33867,1128112.039,6789469.47,1395562.045,654591.4814,32897362.98,862195.7525,5543383.727,29083094.62,866336.7952,4147760.334,5493967.285,568795.2127,26235038.86,4644440.056,1988590.026,1028297.574,305421465.1,4651096.398,7872950.272,559776.9421,2690021.301,8046782.04,296283.9325,436343.197,12963641.35,4244538.034,3008850.91,94243412.85,11031982.99,595880.699,68847809.35,44249218.52,1733655.171,63536661.42,96986531.52,25437934.16,21445294.22,8341378.881,22607086.74,13138976.17,56285235.64,8200246.012,5462372.664,99170.30269,1375470.319,12775730.04,14994776.76,16017430.24,2912533.325,1935676.703,421466.1178,13838843.05,1686815.377,25611888.63,6287851.171,2239935.977
12/01/12,48684770.8,36720.23967,1158199.189,6970547.04,1432782.182,672049.6695,33774747.38,885190.8205,5691227.747,29858751.11,889442.3062,4258382.58,5640493.351,583965.1837,26934736.69,4768308.927,2041626.43,1055722.637,313567164.5,4775142.797,8082924.661,574706.3926,2761765.127,8261392.584,304185.9305,447980.6255,13309386.29,4357741.376,3089098.036,96756918.25,11326209.91,611773.0496,70684004.96,45429360.94,1779892.372,65231206.83,99573196.88,26116372.93,22017247.86,8563846.428,23210025.8,13489397.34,57786382.93,8418949.496,5608056.089,101815.21,1412154.603,13116463.31,15394692.8,16444620.82,2990211.627,1987301.89,432706.7694,14207929.92,1731803.345,26294966.82,6455550.403,2299675.868
01/01/13,48033107.47,35612.05658,1109572.557,6803432.534,1389726.854,657170.9409,33227792.67,844990.8854,5525345.194,29278709.31,860777.6733,4122860.412,5510047.919,567743.0703,26452201.18,4597443.077,1981272.484,993282.6708,306732425.7,4631892.541,7897463.059,556667.8431,2698745.284,8088128.296,295115.0324,426304.4642,13032299.41,4252795.468,2993676.749,94935440.35,11131429.41,578695.9194,69408632.54,44483527.74,1743216.288,63772596.26,97899501.58,25826970.95,21557379.08,8379296.632,22870956.09,13249826.66,57027476.94,8244099.314,5472324.838,98361.47929,1371400.718,12834199.7,15086845.84,16089245.69,2902229.638,1930577.314,420093.7705,13936582.54,1680803.406,25718911,6357578.152,2244477.401
02/01/13,45098644.75,33436.42694,1041785.993,6387793.818,1304824.963,617022.7239,31197823.68,793368.278,5187788.031,27489999.7,808190.6116,3870984.554,5173425.305,533058.2257,24836170.03,4316573.777,1860231.591,932600.5472,287993374.3,4348918.636,7414987.281,522659.6118,2533872.182,7594004.302,277085.7167,400260.4579,12236123.63,3992981.552,2810785.546,89135596.77,10451382.53,543341.9377,65168285.51,41765917.73,1636718.844,59876568.79,91918576.08,24249136.68,20240384.85,7867384.435,21473712.16,12440361.6,53543525.69,7740446.66,5138006.822,92352.33042,1287618.417,12050126.33,14165152.68,15106313.42,2724925.168,1812633.516,394429.191,13085161.84,1578118.92,24147678.38,5969177.796,2107356.661
03/01/13,50913247.63,37747.41112,1176104.26,7211376.977,1473057.047,696575.9372,35220183.03,895657.859,5856653.524,31034306.46,912391.2474,4370073.564,5840439,601785.8318,28038316.49,4873112.946,2100072.678,1052841.451,325124581.1,4909628.054,8371007.281,590046.5167,2860566.267,8573105.105,312810.5908,451866.3459,13813736.44,4507799.728,3173182.284,100627917.7,11798887.3,613395.4308,73570482.58,47150829.56,1847742.26,67596500.76,103769708.6,27375596.48,22849993.2,8881732.348,24242334.35,14044306.97,60446933.55,8738428.388,5800453.985,104259.3873,1453632.048,13603758.36,15991476.69,17053982,3076251.861,2046337.746,445283.2493,14772241.8,1781587.004,27261057.08,6738788.47,2379059.772
04/01/13,49642451.76,36805.23485,1146748.67,7031380.837,1436289.508,679189.3853,34341086.43,873302.2176,5710471.313,30259689.43,889617.9402,4260996.424,5694661.504,586765.2432,27338479.45,4751479.932,2047654.814,1026562.504,317009463.8,4787083.621,8162066.741,575318.9416,2789166.466,8359120.198,305002.831,440587.7512,13468945.26,4395284.94,3093979.579,98116242.46,11504386.8,598085.0663,71734161.59,45973943.73,1801622.57,65909290.5,101179614.3,26692300.94,22279656.83,8660044.098,23637245.11,13693760.74,58938176.65,8520317.008,5655674.516,101657.0705,1417349.357,13264208.23,15592329.05,16628314.2,2999468.542,1995261.108,434168.9688,14403526.29,1737118.55,26580620.45,6570588.15,2319678.384
05/01/13,51766345.35,38379.90329,1195810.956,7332210.15,1497739.456,708247.6999,35810329.2,910665.4201,5954787.075,31554314.46,927679.1917,4443298.117,5938300.862,611869.3002,28508123.96,4954766.381,2135261.304,1070482.767,330572338.9,4991893.332,8511271.114,599933.2821,2908497.654,8716755.27,318052.0165,459437.777,14045198.15,4583332.008,3226351.836,102314029.9,11996588.38,623673.4285,74803222.86,47940884.55,1878702.861,68729141.55,105508464.4,27834299.47,23232865.6,9030553.843,24648536.69,14279632.09,61459776.84,8884848.695,5897645.861,106006.348,1477988.973,13831701.69,16259428.41,17339736.96,3127797.256,2080625.995,452744.3747,15019764.13,1811439.113,27717840.86,6851702.993,2418923.08
06/01/13,49946689.56,37030.79871,1153776.613,7074473.224,1445091.925,683351.8526,34551548.56,878654.321,5745468.399,30445138.4,895070.0359,4287110.286,5729561.699,590361.2816,27506025.53,4780599.762,2060204.033,1032853.875,318952282.1,4816421.651,8212088.629,578844.8304,2806260.098,8410349.744,306872.0656,443287.9289,13551490.78,4422221.8,3112941.284,98717555.81,11574892.36,601750.4791,72173790.21,46255698.78,1812663.96,66313220.93,101799701.7,26855886.87,22416199.52,8713117.881,23782107.89,13777684.06,59299384.05,8572534.462,5690335.776,102280.0841,1426035.698,13345499.01,15687887.91,16730222.18,3017851.028,2007489.227,436829.8085,14491799.47,1747764.622,26743521.94,6610856.532,2333894.721
07/01/13,50982288.99,37798.59884,1177699.127,7221156.029,1475054.599,697520.5352,35267943.68,896872.4238,5864595.491,31076390.81,913628.5037,4375999.641,5848358.979,602601.8888,28076338.1,4879721.175,2102920.5,1054269.167,325565469.2,4916285.798,8382358.86,590846.6545,2864445.364,8584730.74,313234.7804,452479.1033,13832468.68,4513912.57,3177485.306,100764375.1,11814887.29,614227.2311,73670248.48,47214768.86,1850247.908,67688165.6,103910426.5,27412719.4,22880979.14,8893776.5,24275208.39,14063351.88,60528903.15,8750278.212,5808319.742,104400.7691,1455603.258,13622205.86,16013162.08,17077108.2,3080423.44,2049112.701,445887.0796,14792273.83,1784002.941,27298024.68,6747926.664,2382285.917
08/01/13,52413978.33,38860.06257,1210771.383,7423941.198,1516477.218,717108.3712,36258341.32,922058.4778,6029285.602,31949080.88,939285.1035,4498886.866,6012593.135,619524.2106,28864780.41,5016753.954,2161974.907,1083875.25,334708028.7,5054345.389,8617753.034,607438.8647,2944884.982,8825807.94,322031.0684,465185.6631,14220913.35,4640672.679,3266715.741,103594049.5,12146674.04,631476.0168,75739063.19,48540658.35,1902206.74,69588990.9,106828448.6,28182525.91,23523524.91,9143532.352,24956907.02,14458280.22,62228681.39,8996004.331,5971429.512,107332.5611,1496479.643,14004745.9,16462845.17,17556669.13,3166928.175,2106656.073,458408.5216,15207671.82,1834101.476,28064610.33,6937422.562,2449185.49
09/01/13,49109570.91,36410.15353,1134439.036,6955903.335,1420871.833,671898.7095,33972456.22,863927.8612,5649172.954,29934870.48,880068.4447,4215257.276,5633532.853,580466.6831,27045017.87,4700475.749,2025674.513,1015542.994,313606564.3,4735697.255,8074452.029,569143.2505,2759226.498,8269390.24,301728.8153,435858.3156,13324364.5,4348104.289,3060767.632,97063025.6,11380894.36,591664.9949,70964139.96,45480442.03,1782283.271,65201795.24,100093514,26405775.69,22040498.57,8567083.909,23383513.98,13546766.73,58305511.97,8428856.702,5594964.366,100565.845,1402134.993,13121825.2,15424955.1,16449819.59,2967271.112,1973843.22,429508.4348,14248913.39,1718471.662,26295294.02,6500056.971,2294778.079
10/01/13,51031339.45,37834.96516,1178832.201,7228103.559,1476473.761,698191.6251,35301875.24,897735.3117,5870237.863,31106289.64,914507.5127,4380209.824,5853985.731,603181.6568,28103350.56,4884415.992,2104943.736,1055283.487,325878698.2,4921015.795,8390423.593,591415.1126,2867201.269,8592990.176,313536.146,452914.4369,13845777.01,4518255.44,3180542.389,100861321.2,11826254.48,614818.1839,73741127.2,47260194.55,1852028.045,67753288.9,104010399.5,27439093.39,22902993.11,8902333.272,24298563.75,14076882.34,60587138.48,8758696.922,5813907.971,104501.2139,1457003.706,13635311.89,16028568.46,17093538.22,3083387.139,2051084.168,446316.071,14806505.59,1785719.344,27324288.32,6754418.896,2384577.933
11/01/13,48132935.98,35686.07008,1111878.611,6817572.293,1392615.161,658536.7572,33296850.9,846747.053,5536828.669,29339560.05,862566.6511,4131429.066,5521499.602,568923.0263,26507177.51,4606998.068,1985390.217,995347.0373,307369916,4641519.129,7913876.571,557824.7811,2704354.16,8104938.074,295728.378,427190.4644,13059384.8,4261634.168,2999898.589,95132747.27,11154564.16,579898.6389,69552886.39,44575979.07,1746839.262,63905136.59,98102968.78,25880647.85,21602182.36,8396711.552,22918489.43,13277364.14,57145998.7,8261233.25,5483698.12,98565.90663,1374250.938,12860873.37,15118201.25,16122684.41,2908261.421,1934589.686,420966.8628,13965547.32,1684296.665,25772363.31,6370791.28,2249142.159
12/01/13,49966517.68,37045.49941,1154234.645,7077281.69,1445665.606,683623.1335,34565265.04,879003.1343,5747749.269,30457224.68,895425.366,4288812.208,5731836.253,590595.6466,27516945.04,4782497.592,2061021.904,1033263.904,319078901.6,4818333.702,8215348.712,579074.6236,2807374.144,8413688.533,306993.8895,443463.9079,13556870.53,4423977.359,3114177.077,98756745.28,11579487.43,601989.3655,72202442.18,46274061.63,1813383.562,66339546.34,101840114.8,26866548.28,22425098.43,8716576.865,23791549.04,13783153.6,59322925.06,8575937.636,5692594.758,102320.6878,1426601.814,13350796.98,15694115.77,16736863.84,3019049.072,2008286.172,437003.2238,14497552.51,1748458.459,26754138.74,6613480.948,2334821.244
01/01/14,48483764,35447.02934,1098126.414,6796442.113,1382464.623,656090.0718,33495126.32,827808.5269,5529126.997,29410031.45,860939.1554,4098261.787,5537996.375,567304.8642,26536261.84,4551605.824,1977810.13,957374.5817,307195660.2,4665749.525,7955038.783,555265.6754,2683855.215,8102770.297,293695.2491,420792.5082,13036856.58,4278697.225,2979744.949,95184630.81,11218055.18,564866.5475,69824460.57,44687518.22,1757294.861,63851925.67,98531220.51,25996967.14,21674166.86,8414966.274,22988267.18,13345974.18,57516203.5,8266411.828,5459878.803,97654.58469,1365731.675,12904273.11,15151730.59,16126234.34,2913788.482,1915785.448,418232.2756,13974358.88,1678842.021,25763224,6359038.573,2247213.648
02/01/14,45788621.45,33476.58007,1037083.15,6418637.694,1305615.408,619618.9705,31633180.53,781791.8442,5221770.798,27775170.19,813080.7888,3870445.322,5230147.139,535769.2046,25061149.29,4298588.617,1867866.516,904155.5088,290119096.2,4406387.235,7512829.644,524399.2569,2534663.573,7652348.977,277369.1536,397401.2593,12312156.51,4040850.614,2814105.223,89893454.4,10594459.66,533466.4304,65943019.46,42203403.5,1659609.373,60302489.17,93054012,24551833.21,20469331.17,7947190.429,21710382.54,12604090.71,54318960.66,7806893.911,5156372.011,92226.1071,1289812.62,12186943.17,14309467.72,15229800.22,2751815.181,1809289.697,394983.3463,13197544.41,1585517.613,24331083.52,6005548.785,2122294.281
03/01/14,51462906.77,37625.11438,1165602.103,7214057.615,1467411.813,696404.3097,35553274.36,878674.2104,5868870.808,31217165.95,913840.5899,4350084.377,5878285.175,602163.589,28166814.13,4831284.679,2099339.035,1016201.606,326071664.3,4952442.077,8443845.64,589384.6379,2848767.904,8600654.694,311741.7044,446648.6063,13837921.8,4541606.885,3162838.936,101033364.1,11907361.97,599575.447,74114907.93,47433396.14,1865273.942,67775383.49,104585589,27594381.83,23005961.92,8932033.926,24400808.7,14166033.5,61050355.31,8774351.374,5795367.575,103655.0873,1449650.688,13697191.58,16082746.76,17117130.07,3092829.695,2033503.173,443931.0572,14833030.05,1782000.473,27346276.06,6749777.291,2385296.374
04/01/14,49982661.41,36542.89022,1132075.487,7006557.184,1425204.14,676373.3921,34530643.25,853400.6006,5700062.45,30319255.82,887555.4774,4224961.398,5709206.028,584843.3497,27356642.33,4692320.769,2038955.021,986972.2484,316692752.4,4809993.275,8200972.392,572431.964,2766827.809,8353271.092,302774.9701,433801.4982,13439896.87,4410975.078,3071865.107,98127306.57,11564866.41,582329.6514,71983115.23,46069052.98,1811622.424,65825936.73,101577357.6,26800675.09,22344233.49,8675118.749,23698959.82,13758570.99,59294342.86,8521971.675,5628673.416,100673.6202,1407953.885,13303214.52,15620153.17,16624784.14,3003869.566,1975012.819,431162.1149,14406382.48,1730744.178,26559705.68,6555631.116,2316687.271
05/01/14,52587289.75,38447.16352,1191068.662,7371673.344,1499472.436,711619.6405,36330057.07,897871.8497,5997096.337,31899211.56,933806.5589,4445126.828,6006716.393,615319.9094,28782214.4,4936840.595,2145206.267,1038404.001,333195813.6,5060645.089,8628330.289,602261.7584,2911008.969,8788565.372,318552.7667,456407.1707,14140258.46,4640833.8,3231941.956,103240783,12167518.97,612675.2206,75734201.24,48469740.69,1906027.223,69256168.24,106870618.4,28197275.35,23508605.74,9127184.715,24933927.71,14475538.89,62384208.85,8966057.049,5921987.175,105919.7867,1481323.259,13996453.51,16434129.3,17491112.24,3160403.123,2077931.995,453630.2475,15157108.25,1820934.36,27943748.87,6897249.231,2437411.321
06/01/14,50389890.88,36840.6203,1141298.976,7063642.511,1436815.869,681884.0865,34811978.72,860353.6091,5746503.222,30566279.37,894786.7598,4259383.91,5755721.297,589608.311,27579528.24,4730551.052,2055567.233,995013.5205,319272979.6,4849182.284,8267789.114,577095.8045,2789370.302,8421328.655,305241.8033,437335.8589,13549397.29,4446913.121,3096892.866,98926790.42,11659090.17,587074.1325,72569591.52,46444396.66,1826382.463,66362247.93,102404950.4,27019031.3,22526281.23,8745798.538,23892045.07,13870667.77,59777438.45,8591403.711,5674532.552,101493.8499,1419425.069,13411601.33,15747417.03,16760233.15,3028343.337,1991104.067,434674.9714,14523757.25,1744845.269,26776098.61,6609042.561,2335562.283
07/01/14,51656651.55,37766.76338,1169990.299,7241216.71,1472936.246,699026.0951,35687123.41,881982.1956,5890965.617,31334690.65,917280.9676,4366461.34,5900415.426,604430.582,28272855.04,4849473.239,2107242.513,1020027.347,327299241.3,4971086.763,8475634.575,591603.5214,2859492.792,8633033.975,312915.3327,448330.1249,13890018.06,4558704.882,3174746.221,101413729.1,11952190.17,601832.6963,74393931.73,47611970.83,1872296.225,68030540.6,104979327.2,27698267.67,23092573.53,8965660.765,24492671.55,14219365.02,61280194.4,8807384.579,5817185.663,104045.3223,1455108.255,13748758.02,16143294.22,17181571.72,3104473.413,2041158.796,445602.3449,14888872.64,1788709.253,27449227.85,6775188.489,2394276.41
08/01/14,53050095.15,38785.5258,1201550.91,7436549.292,1512668.856,717882.3975,36649787.31,905773.7581,6049875.033,32179947.22,942024.7181,4484247.093,6059579.752,620735.1605,29035518.27,4980288.289,2164085.601,1047542.692,336128172.8,5105182.351,8704265.708,607562.0885,2936627.91,8865910.973,321356.2567,460423.8772,14264702.76,4681676.425,3260385.334,104149375.1,12274601.75,618067.1965,76400715.86,48896308.74,1922801.612,69865671.58,107811155.6,28445431.35,23715498.12,9207510.406,25153363.94,14602933.88,62933234.08,9044964.703,5974104.857,106851.9558,1494359.953,14119632.22,16578761.28,17645046.42,3188216.91,2096219.269,457622.515,15290501.54,1836959.873,28189673.65,6957949.91,2458862.267
09/01/14,50485179,36910.28653,1143457.191,7076999.977,1439532.912,683173.5407,34877808.75,861980.5522,5757369.956,30624080.71,896478.8165,4267438.476,5766605.462,590723.2701,27631681.59,4739496.603,2059454.345,996895.1076,319876730.1,4858352.169,8283423.641,578187.1023,2794645.048,8437253.528,305819.0206,438162.8683,13575019.42,4455322.308,3102749.142,99113862.63,11681137.7,588184.2994,72706821.83,46532223.79,1829836.182,66487740.05,102598599.9,27070124.74,22568878.8,8762336.989,23937225.32,13896897.43,59890478.59,8607650.199,5685263.188,101685.7765,1422109.225,13436962.89,15777195.66,16791927.03,3034069.985,1994869.278,435496.9491,14551221.92,1748144.8,26826732.66,6621540.37,2339978.87
10/01/14,52481746.16,38369.99941,1188678.167,7356878.27,1496462.969,710191.4078,36257142.03,896069.8056,5985060.063,31835189.3,931932.3932,4436205.383,5994660.81,614084.9518,28724448,4926932.271,2140900.801,1036319.907,332527083.9,5050488.288,8611013.083,601053.0088,2905166.524,8770926.572,317913.4259,455491.1538,14111878.72,4631519.567,3225455.393,103033577,12143098.55,611445.571,75582201.41,48372461.09,1902201.794,69117169.93,106656127.3,28140682.94,23461423.57,9108866.3,24883884.9,14446486.23,62259002.68,8948062.02,5910101.646,105707.2039,1478350.218,13968362.39,16401145.72,17456007.28,3154060.141,2073761.55,452719.8039,15126687.68,1817279.714,27887665.29,6883406.334,2432519.395
11/01/14,49312634.44,36053.02591,1116899.803,6912632.968,1406099.011,667306.4796,34067753.48,841960.6051,5623652.042,29912820.5,875657.6293,4168324.996,5632673.048,577003.4147,26989921.4,4629419.327,2011622.446,973741.6998,312447426.5,4745514.41,8091036.815,564758.4059,2729737.962,8241293.923,298716.2147,427986.3076,13259732.53,4351845.128,3030686.178,96811891.58,11409837.2,574523.4129,71018168.04,45451488.66,1787337.285,64943527.67,100215694,26441407,22044704.84,8558827.151,23381270.8,13574134.76,58499491.04,8407733.042,5553219.991,99324.07138,1389079.998,13124882.43,15410762.08,16401925.79,2963602.13,1948537.4,425382.3057,14213262.21,1707543.227,26203667.83,6467751.648,2285631.643
12/01/14,51531341.65,37675.14789,1167152.11,7223650.798,1469363.163,697330.3814,35600552.75,879842.6628,5876675.175,31258678.23,915055.8061,4355869.077,5886102.061,602964.3403,28204270.09,4837709.274,2102130.715,1017552.941,326505271.2,4959027.786,8455074.183,590168.3958,2852556.168,8612091.76,312156.2555,447242.5553,13856323.33,4547646.27,3167044.848,101167717.3,11923196.27,600372.7566,74213465.21,47496472.6,1867754.365,67865510.54,104724665.9,27631076.57,23036555.03,8943911.657,24433256.66,14184871.35,61131539.48,8786019.421,5803074.199,103792.9268,1451578.42,13715405.97,16104133.44,17139892.26,3096942.51,2036207.305,444521.3924,14852754.87,1784370.16,27382640.87,6758753.079,2388468.318
01/01/15,50520289.21,36387.4572,1130798.164,7011944.42,1417451.162,671539.6038,34859966.86,837475.1767,5715836.973,30535026.35,887672.3315,4218909.592,5757360.009,581322.509,27495327.15,4674473.041,2034127.749,966428.3167,317053121,4829135.391,8226665.463,569047.2222,2758870.701,8399521.542,301308.1869,431920.9958,13473912.15,4415126.293,3073706.754,98473571.7,11625009.71,572804.963,72510212.87,46396857.55,1820468.868,66142094.71,102232659.1,27038511.12,22627236.51,8669671.794,23849786.18,13838694.84,59863003.7,8573097.854,5608835.302,100112.4791,1400416.07,13366566.02,15676136.18,16714556.54,3007789.717,1977135.346,428319.8275,14455653.26,1711713.585,26569075.34,6600628.37,2319684.739
02/01/15,47688047.65,34347.52295,1067403.96,6618844.525,1337986.77,633892.1081,32905665.96,790525.0893,5395398.764,28823187.96,837908.1179,3982391.329,5434593.958,548732.716,25953898.76,4412415.222,1920091.563,912248.927,299278657.8,4558406.974,7765466.524,537145.5998,2604204.36,7928632.038,284416.4078,407706.8709,12718544.86,4167607.834,2901390.243,92952998.76,10973294.61,540692.6762,68445183.92,43795781.62,1718410.711,62434071.82,96501346.17,25522692.5,21358720.42,8183637.271,22512732.16,13062877.3,56506995.86,8092477.408,5294395.764,94500.02656,1321906.69,12617216.71,14797308.98,15777513.97,2839168.612,1866294.237,404307.5894,13645248.13,1615752.409,25079573.99,6230587.457,2189639.808
03/01/15,53489035.15,38525.70932,1197247.753,7423990.389,1500745.467,711001.5804,36908458.4,886688.0982,6051719.211,32329369.51,939835.0105,4466827.229,6095682.283,615483.0188,29111047.13,4949161.153,2153660.091,1023218.968,335684252.8,5112911.995,8710092.618,602486.394,2920991.431,8893106.315,319014.0922,457302.159,14265685.57,4674574.298,3254328.334,104260217.4,12308135.26,606464.9526,76771162.35,49123296.46,1927445.879,70028831.67,108240201.7,28627387.02,23956890.74,9179131.525,25251281.64,14651904.15,63380759.68,9076882.568,5938429.754,105995.4326,1482709.334,14152031.41,16597319.85,17696761.37,3184537.785,2093318.619,453489.3736,15305117.16,1812299.762,28130365.58,6988503.993,2455997.392
04/01/15,52170562.48,37576.07367,1167736.314,7240993.474,1463752.99,693475.8175,35998687.02,864831.7679,5902547.958,31532469.92,916668.6407,4356722.614,5945427.368,600311.7312,28393477.26,4827167.296,2100573.661,997997.2339,327409837.1,4986881.778,8495394.054,587635.4654,2848990.743,8673896.573,311150.586,446029.9348,13914044.97,4559348.843,3174111.091,101690265.5,12004747.1,591515.9549,74878799.2,47912436.64,1879935.493,68302662.93,105572145.6,27921739.08,23366367.74,8952871.433,24628852.67,14290743.49,61818461.93,8853142.852,5792051.019,103382.7087,1446161.438,13803192.32,16188205.86,17260546.81,3106040.837,2041719.569,442311.1323,14927855.2,1767627.659,27436968.93,6816241.557,2395458.528
05/01/15,53117682.22,38258.24077,1188935.742,7372448.599,1490326.393,706065.3814,36652217.77,880532.1782,6009704.55,32104919.65,933310.1127,4435815.838,6053362.405,611209.9669,28908940.8,4914801.11,2138708.093,1016115.169,333353731.6,5077415.096,8649621.936,598303.5725,2900712.158,8831365.042,316799.3052,454127.2934,14166644.63,4642120.603,3231734.837,103536380.5,12222684.81,602254.5096,76238170.94,48782253.1,1914064.395,69542649.56,107488733.4,28428638.55,23790567.65,9115404.494,25075972.11,14550181.85,62940732.47,9013865.411,5897201.617,105259.5488,1472415.478,14053779.53,16482091.31,17573899.85,3162428.816,2078785.547,450340.9787,15198859.87,1799717.691,27935067.73,6939985.611,2438946.387
06/01/15,52482268.13,37800.58102,1174713.237,7284256.542,1472498.537,697619.1566,36213769.88,869998.9146,5937814.16,31720868.29,922145.4993,4382752.908,5980949.763,603898.439,28563120.96,4856008.375,2113124.046,1003960.01,329366026.4,5016677.11,8546151.842,591146.4357,2866012.727,8725720.867,313009.6304,448694.8485,13997177.8,4586589.776,3193075.586,102297838.7,12076472.37,595050.1102,75326180.71,48198701.09,1891167.623,68710753.72,106202911.9,28088564.27,23505975.76,9006362.53,24776003.72,14376126.99,62187811.29,8906038.097,5826657.03,104000.3937,1454801.879,13885662.83,16284926.21,17363674.12,3124598.63,2053918.317,444953.8272,15017045.28,1778188.778,27600897.74,6856966.842,2409770.775
07/01/15,53104786.8,38248.95279,1188647.103,7370658.785,1489964.585,705893.9695,36643319.68,880318.4108,6008245.57,32097125.52,933083.5324,4434738.952,6051892.826,611061.5831,28901922.55,4913607.941,2138188.877,1015868.486,333272803.1,5076182.448,8647522.062,598158.3219,2900007.95,8829221.046,316722.3956,454017.0446,14163205.39,4640993.632,3230950.267,103511244.9,12219717.5,602108.2998,76219662.55,48770410.2,1913599.716,69525766.64,107462638.3,28421736.91,23784792,9113191.541,25069884.4,14546649.49,62925452.3,9011677.109,5895769.949,105233.9949,1472058.019,14050367.68,16478089.94,17569633.42,3161661.071,2078280.879,450231.6491,15195170.03,1799280.772,27928285.91,6938300.786,2438354.282
08/01/15,54689121.83,39390.07696,1224109.354,7590555.966,1534416.38,726953.7008,37736541.19,906581.9433,6187496.34,33054715.29,960921.2663,4567045.523,6232445.774,629292.0728,29764186.22,5060201.151,2201979.879,1046176.037,343215706.7,5227625.928,8905513.345,616003.8541,2986527.16,9092633.16,326171.5323,467562.2474,14585752.27,4779453.632,3327342.852,106599412.7,12584282.12,620071.6762,78493609.75,50225432.89,1970690.296,71600007.3,110668692.4,29269674.65,24494390.54,9385075.668,25817822.55,14980636.1,64802778.33,9280532.641,6071665.107,108373.5594,1515975.587,14469548.16,16969699.39,18093808.12,3255986.473,2140284.577,463663.9179,15648504.69,1852960.746,28761501.98,7145298.943,2511100.457
09/01/15,52502341.84,37815.03919,1175162.548,7287042.665,1473061.746,697885.9858,36227621.12,870331.6766,5940085.287,31733001.07,922498.2066,4384429.247,5983237.389,604129.4213,28574045.94,4857865.728,2113932.286,1004344.01,329492004.2,5018595.916,8549420.621,591372.5406,2867108.936,8729058.329,313129.3521,448866.4678,14002531.51,4588344.08,3194296.891,102336966.1,12081091.45,595277.7082,75354991.88,48217136.39,1891890.967,68737034.59,106243533,28099307.74,23514966.46,9009807.333,24785480.18,14381625.65,62211597.23,8909444.527,5828885.641,104040.1724,1455358.32,13890973.89,16291154.96,17370315.47,3125793.743,2054703.911,445124.0156,15022789.08,1778868.909,27611454.68,6859589.532,2410692.477
10/01/15,54204680.29,39041.15584,1213266.074,7523318.086,1520824.371,720514.2745,37402267.25,898551.3527,6132686.898,32761913.42,952409.3327,4526590.192,6177238.165,623717.7427,29500532.18,5015377.399,2182474.528,1036908.908,340175468.7,5181319.111,8826627.446,610547.2323,2960072.213,9012089.735,323282.2732,463420.5357,14456550.27,4737116.769,3297868.927,105655144.8,12472809.34,614579.0212,77798305.75,49780531.14,1953233.73,70965767.5,109688378.4,29010401.04,24277416.86,9301941.759,25589125.78,14847936.18,64228749.04,9198324.784,6017881.709,107413.5759,1502546.928,14341375.5,16819380.15,17933531.42,3227144.63,2121325.729,459556.738,15509888.72,1836547.04,28506729.81,7082005.193,2488856.886
11/01/15,50868024.45,36637.91501,1138581.54,7060208.201,1427207.593,676161.8653,35099910.83,843239.5862,5755179.542,30745201.41,893782.2521,4247948.688,5796988.384,585323.7989,27684579.71,4706647.817,2048128.815,973080.3211,319235423.3,4862374.721,8283290.268,572964.0203,2777860.231,8457336.129,303382.1155,434893.943,13566654.18,4445515.965,3094863.327,99151373.27,11705025.6,576747.626,73009306.54,46716210.88,1832999.302,66597356.11,102936334.7,27224619.38,22782981.61,8729345.847,24013946.19,13933947.7,60275045.61,8632107.181,5647441.37,100801.5614,1410055.247,13458569.18,15784036.29,16829604.19,3028492.577,1990744.129,431267.9876,14555152.7,1723495.448,26751952.44,6646061.029,2335651.317
12/01/15,52797013,38027.27738,1181758.187,7327941.437,1481329.355,701802.8944,36430949.87,875216.4424,5973424.216,31911103.6,927675.7588,4409037.004,6016818.51,607520.1181,28734418.74,4885130.663,2125796.802,1009980.925,331341289.1,5046762.954,8597404.532,594691.639,2883200.681,8778050.463,314886.8011,451385.746,14081121.19,4614096.316,3212224.99,102911335.8,12148896.98,598618.7244,75777924.31,48487756.69,1902509.269,69122823.51,106839828.4,28257016.05,23646945,9060375.18,24924589.52,14462343.01,62560761.91,8959449.084,5861600.458,104624.1013,1463526.568,13968937.45,16382589.62,17467806.95,3143337.366,2066236.006,447622.2891,15107104.99,1788852.871,27766424.9,6898089.21,2424222.57
01/01/16,50995944.07,36326.7516,1126660.758,7002309.624,1414429.905,677140.6537,35252392.61,834139.7471,5739314.129,30753377.57,880814.3083,4214747.266,5778610.796,582509.7784,27585666.07,4659390.457,2017979.187,937836.6791,317324054.1,4826049.59,8226039.714,567941.563,2764897.216,8451190.544,300930.5601,423791.2604,13604868.67,4424548.325,3068360.019,98801292.66,11764209.05,566409.7121,73235356.46,46756468.35,1835407.561,66356626.57,102634296.4,27248596.33,22937998.96,8681655.96,23981252,13922368.23,60287339.24,8600280.285,5557961.732,100070.5093,1397548.282,13452621.44,15704223.53,16858238.77,3026906.256,1991218.689,426729.9133,14547207.11,1717767.659,26552135.6,6717760.49,2334478.355
02/01/16,51169219.37,36450.18354,1130488.954,7026102.247,1419235.89,679441.4592,35372174.07,836974.008,5758815.315,30857872.17,883807.1612,4229068.24,5798245.505,584489.0447,27679397.34,4675222.251,2024835.928,941023.2841,318402265.7,4842447.663,8253990.358,569871.3291,2774291.853,8479906.212,301953.0695,425231.229,13651095.63,4439582.166,3078785.77,99137002.17,11804181.77,568334.2732,73484197.4,46915338.65,1841643.955,66582094.78,102983029.8,27341182.3,23015938.27,8711154.708,24062736.1,13969674,60492185.07,8629502.533,5576846.714,100410.5314,1402296.906,13498331.09,15757583.74,16915520.12,3037191.154,1997984.501,428179.8669,14596635.98,1723604.333,26642355.11,6740586.266,2342410.504
03/01/16,54288612.59,38672.27052,1199406.159,7454429.59,1505755.772,720861.7723,37528543.11,887997.8674,6109885.934,32739038.98,937686.0773,4486881.961,6151719.879,620120.8404,29366797.02,4960234.546,2148274.58,998390.2265,337812799.7,5137654.403,8757172.582,604611.9952,2943419.061,8996860.786,320360.8227,451154.3022,14483297.8,4710229.3,3266475.627,105180621.7,12523791.83,602981.2368,77963962.98,49775405.53,1953914.804,70641092.32,109261112,29007963.62,24419042.77,9242206.722,25529655.8,14821297.44,64179927.72,9155576.843,5916824.108,106531.7882,1487784.149,14321220.38,16718202.26,17946729.11,3222345.308,2119786.229,454282.6958,15486480.46,1828679.215,28266534.32,7151507.898,2485209.233
04/01/16,53379044.09,38024.34312,1179310.931,7329535.73,1480527.866,708784.2272,36899778.08,873120.0716,6007518.981,32190518.82,921975.7896,4411707.328,6048652.027,609731.1406,28874776.46,4877129.215,2112281.711,981662.8824,332152977.7,5051576.524,8610452.156,594482.1355,2894104.092,8846124.548,314993.3966,443595.521,14240640.07,4631312.635,3211748.066,103418392.5,12313964.27,592878.6994,76657730.2,48941452.72,1921178.3,69457549.23,107430516.9,28521955.06,24009918.44,9087359.882,25101923.91,14572976.76,63104637.01,9002181.426,5817691.775,104746.9211,1462857.345,14081278.15,16438100.24,17646043.96,3168357.121,2084270.663,446671.5005,15227015.09,1798040.948,27792947.91,7031689.284,2443571.255
05/01/16,55241495.92,39351.05304,1220458.348,7585271.056,1532185.064,733514.4655,38187250.73,903584.1629,6217127.731,33313680.38,954144.509,4565636.506,6259695.953,631005.311,29882248.24,5047297.459,2185981.475,1015914.148,343742149.6,5227831.421,8910880.023,615224.2518,2995082.473,9154775.276,325983.8525,459073.0422,14737511.2,4792904.077,3323809.385,107026770.6,12743611.63,613564.8701,79332400.23,50649072.25,1988210.262,71880997.26,111178882.4,29517116.52,24847650.13,9404427.568,25977756.83,15081443.47,65306425.15,9316277.146,6020677.251,108401.653,1513897.999,14572588.98,17011643.1,18261733.27,3278904.483,2156993.092,462256.346,15758301.9,1860776.516,28762673.53,7277032.429,2528830.064
06/01/16,54147737.98,38571.91906,1196293.796,7435085.94,1501848.456,718991.1935,37431159.53,885693.5838,6094031.267,32654083.79,935252.8567,4475238.86,6135756.656,618511.6763,29290592.53,4947363.133,2142699.979,995799.4835,336936202.4,5124322.6,8734448.418,603043.0753,2935781.123,8973514.65,319529.5119,449983.5927,14445714.8,4698006.63,3257999.384,104907686.4,12491293.58,601416.5486,77761652.71,49646242.33,1948844.551,70457784.32,108977588.1,28932690.26,24355677.3,9218223.933,25463408.38,14782837.35,64013385.93,9131818.851,5901470.422,106255.3467,1483923.468,14284057.96,16674819.86,17900158.78,3213983.579,2114285.553,453103.8685,15446294.28,1823933.939,28193184.92,7132950.306,2478760.313
07/01/16,55578269.71,39590.95247,1227898.74,7631513.839,1541525.864,737986.257,38420055.16,909092.7658,6255029.777,33516773.62,959961.3476,4593470.414,6297857.511,634852.1665,30064422.12,5078067.761,2199308.074,1022107.559,345837736.4,5259702.329,8965204.238,618974.8998,3013341.668,9210586.372,327971.1777,461871.7313,14827356.84,4822123.497,3344072.629,107679247.7,12821301.68,617305.4018,79816041.61,50957848.83,2000331.17,72319211.97,111856672.4,29697064.42,24999131.13,9461760.642,26136127.41,15173385.86,65704558.7,9373072.82,6057381.657,109062.5119,1523127.314,14661429.19,17115352.74,18373063.94,3298893.968,2170142.966,465074.4417,15854370.68,1872120.538,28938022.05,7321396.068,2544246.803
08/01/16,56942248.69,40562.57731,1258033.325,7818803.305,1579357.356,756097.6114,39362944.32,931403.3457,6408538.139,34339328.46,983520.3233,4706201.472,6452416.934,650432.4466,30802250.78,5202691.607,2253282.586,1047191.701,354325143.6,5388783.775,9185224.584,634165.5266,3087293.857,9436628.786,336020.1112,473206.7969,15191243.72,4940466.064,3426141.48,110321867.4,13135956.78,632455.0565,81774854,52208435.35,2049422.473,74094040.26,114601812.7,30425877.53,25612649.5,9693967.271,26777549.48,15545764.84,67317052.89,9603102.909,6206039.421,111739.0791,1560507.277,15021243.94,17535390.67,18823968.11,3379854.064,2223401.72,476488.1069,16243462.11,1918065.349,29648207.06,7501074.752,2606686.659
09/01/16,53813292.25,38333.67802,1188904.838,7389162.826,1492572.227,714550.3148,37199964.44,880223.061,6056391.233,32452394.5,929476.229,4447597.364,6097858.903,614691.4135,29109677.98,4916805.541,2129465.504,989648.8871,334855102.1,5092672.011,8680499.739,599318.355,2917648.151,8918089.368,317555.9248,447204.2506,14356490.25,4668989.199,3237876.217,104259719.7,12414140.6,597701.8746,77281354.67,49339600.27,1936807.432,70022598.92,108304483.6,28753986.31,24205243.46,9161287.194,25306132.59,14691530.55,63618004.62,9075415.797,5865019.747,105599.0562,1474757.954,14195831.89,16571827.15,17789597.71,3194132.278,2101226.581,450305.2538,15350889.61,1812668.336,28019048.55,7088893.345,2463450.148
10/01/16,55082701.61,39237.93657,1216950.083,7563466.833,1527780.725,731405.9433,38077479.66,900986.7672,6199256.302,33217918.62,951401.7752,4552512.367,6241702.159,629191.4562,29796350.29,5032788.763,2179697.767,1012993.855,342754046.5,5212803.771,8885265.275,613455.7604,2986472.966,9128459.439,325046.7964,457753.4149,14695147.53,4779126.646,3314254.937,106719117,12706979.51,611801.1487,79104355.47,50503479.08,1982495.057,71674371.91,110859293.4,29432268.16,24776224.37,9377394.094,25903082.53,15038091.14,65118698.73,9289497.064,6003370.527,108090.0473,1509546.228,14530699.38,16962742.32,18209239.05,3269479.116,2150792.712,460927.5681,15713003.91,1855427.625,28679993.85,7256114.253,2521560.822
11/01/16,52219080.47,37198.0478,1153683.687,7170259.84,1448354.969,693381.8548,36097920.33,854146.5674,5876971.431,31490996.54,901940.6168,4315837.871,5917210.627,596481.2604,28247307.56,4771145.817,2066380.366,960330.6677,324935063.3,4941802.265,8423341.064,581563.6268,2831213.204,8653892.132,308148.3718,433955.8829,13931181.09,4530671.002,3141954.555,101171039.1,12046373.3,579995.0344,74991904.6,47877921.04,1879429.764,67948188.55,105095977.4,27902153.21,23488166.28,8889885.254,24556441.71,14256295.87,61733329.52,8806557.786,5691269.301,102470.6979,1431068.441,13775282.22,16080888.93,17262583.19,3099506.525,2038978.018,436965.0193,14896121.5,1758968.272,27188987.89,6878885.803,2390470.758
12/01/16,54055277.49,38506.05522,1194251.053,7422390.089,1499283.961,717763.4733,37367243.6,884181.2093,6083625.347,32598325,933655.8569,4467597.124,6125279.487,617455.5308,29240577.1,4938915.216,2139041.191,994099.0967,336360863.8,5115572.514,8719533.829,602013.3435,2930768.103,8958191.84,318983.8963,449215.219,14421047.88,4689984.505,3252436.156,104728550.3,12469963.96,600389.5941,77628870.07,49561468.42,1945516.783,70337473.47,108791502.4,28883285.98,24314088.54,9202483.268,25419928.1,14757594.78,63904079.27,9116225.728,5891393.31,106073.9094,1481389.58,14259667.08,16646346.61,17869593.19,3208495.511,2110675.285,452330.1667,15419918.81,1820819.463,28145043.38,7120770.369,2474527.683
01/01/17,51367984.88,36269.61116,1152755.083,7043614.719,1411109.678,684936.4554,35537877.22,838231.0135,5779176.725,31019764.57,884966.0163,4231423.395,5831378.723,580907.3381,27805202.37,4646352.745,2013447.639,929857.8606,318059248,4872686.366,8206585.275,566599.4295,2769298.838,8535229.813,298716.6425,424676.2223,13694293.03,4414833.29,3058206.128,99347026.01,11972970.4,571972.7052,74181039.22,47215786.06,1858716.042,66838551.65,103197071.8,27450472.45,23268876.82,8695990.725,24036068.13,13969704.65,60512081.8,8584651.454,5553530.384,100342.8002,1393958.932,13595199.83,15726359.7,17085704.73,3078074.752,1996984.172,425988.3013,14631773.45,1709295.241,26498746.61,6804222.79,2371145.355
02/01/17,48566915.13,34291.84796,1089895.943,6659530.039,1334162.594,647587.2234,33600015.09,792522.7083,5464041.196,29328272.8,836709.2755,4000686.058,5513396.647,549230.7603,26288999.01,4392989.525,1903655.377,879153.1907,300715641.1,4606981.289,7759084.409,535703.0546,2618290.4,8069808.13,282427.7779,401518.8468,12947550.29,4174094.705,2891443.724,93929683.88,11320090.49,540783.3284,70135985.38,44641133.58,1757361.214,63193879.88,97569788.64,25953612.34,22000036.96,8221802.833,22725393.72,13207943.86,57212389.17,8116534.834,5250699.234,94871.15903,1317947.069,12853860.59,14868809.41,16154030.06,2910228.923,1888089.654,402759.3787,13833910.38,1616088.252,25053783.61,6433192.027,2241848.02
03/01/17,56219289.52,39694.99243,1261623.79,7708829.072,1544377.957,749623.3497,38894151.94,917395.3805,6324974.793,33949338.87,968544.1391,4631048.26,6382106.862,635769.4954,30431186.39,5085164.443,2203602.03,1017675.667,348097457.8,5332873.505,8981633.106,620110.3167,3030837.467,9341315.552,326928.0944,464783.572,14987611.96,4831779.785,3347029.792,108729576,13103723.87,625991.0563,81186858.52,51674947.98,2034257.243,73150930.4,112943228.6,30042955.01,25466440.35,9517259.076,26306086.88,15289034.06,66226974.93,9395404.68,6078017.919,109819.3933,1525607.457,14879160.18,17211591.44,18699315.99,3368774.853,2185583.717,466219.5665,16013630.08,1870724.815,29001346.1,7446828.446,2595081.499
04/01/17,53798846.5,37985.97995,1207306.339,7376936.199,1477886.92,717349.3629,37219618.53,877898.2032,6052661.833,32487697.48,926844.8234,4431664.942,6107334.161,608397.3274,29121014.15,4866229.788,2108729.021,973861.0622,333110607.7,5103274.081,8594941.432,593412.3327,2900348.991,8939138.253,312852.6617,444772.9642,14342341.26,4623754.252,3202928.097,104048376,12539561.33,599039.8853,77691471.68,49450155.24,1946675.138,70001519.22,108080615.5,28749497.52,24370018.31,9107506.774,25173515.04,14630786.04,63375664.99,8990898.649,5816337.343,105091.2727,1459924.558,14238558.72,16470570.4,17894243.05,3223736.955,2091486.462,446147.134,15324185.59,1790183.37,27752733.63,7126215.644,2483353.888
05/01/17,56677932.77,40018.82861,1271916.258,7771718.561,1556977.165,755738.8607,39211454.78,924879.5946,6376574.644,34226301.37,976445.6304,4668828.869,6434172.803,640956.174,30679447.41,5126649.783,2221579.262,1025977.979,350937275.8,5376379.683,9054906.272,625169.2459,3055563.377,9417523.048,329595.2103,468575.3283,15109882.58,4871197.984,3374335.235,109616604.1,13210625.51,631097.9613,81849189.99,52096517.98,2050852.941,73747703.87,113864632,30288048.79,25674198.42,9594901.939,26520694.88,15413763.71,66767261.99,9472053.442,6127603.068,110715.3122,1538053.533,15000546.04,17352005.53,18851867.1,3396257.694,2203413.954,470023.0379,16144271.06,1885986.398,29237942.32,7507580.505,2616252.464
06/01/17,55189789.09,38968.08869,1238520.648,7567663.239,1516096.956,735896.0762,38181913.37,900595.8274,6209150.414,33327650.84,950807.9383,4546243.449,6265236.268,624127.1396,29873923.58,4992043.754,2163249.168,999039.7586,341723017.9,5235216.711,8817159.395,608754.7153,2975336.081,9170255.255,320941.3127,456272.3494,14713155.4,4743299.133,3285738.22,106738495.3,12863765.49,614527.7655,79700146.28,50728664.57,1997005.461,71811373.91,110874986.4,29492801.57,25000093.09,9342976.86,25824363.83,15009057.79,65014211.48,9223353.89,5966715.871,107808.3556,1497670.185,14606689.62,16896408.86,18356889.86,3307085.08,2145560.811,457682.0477,15720384.84,1836467.677,28470266.84,7310460.428,2547559.776
07/01/17,55893039.57,39464.63574,1254302.376,7664093.446,1535415.673,745273.1599,38668442.66,912071.5816,6288269.905,33752325.17,962923.5153,4604173.511,6345070.427,632080.0186,30254589.12,5055654.383,2190814.159,1011769.925,346077390,5301925.947,8929511.185,616511.7127,3013249.009,9287106.334,325030.8759,462086.3551,14900636.34,4803740.158,3327606.418,108098600.1,13027680.76,622358.3254,80715717.59,51375069.61,2022452.108,72726423.31,112287800.1,29868610.71,25318654.33,9462028.828,26153428.25,15200309.24,65842648.71,9340881.574,6042746.163,109182.093,1516754.101,14792813.93,17111709.69,18590800.73,3349225.288,2172900.409,463514.0163,15920700.3,1859868.686,28833046.43,7403613.254,2580021.807
08/01/17,54970575.86,38813.30788,1233601.258,7537604.565,1510075.036,732973.1052,38030255.24,897018.6709,6184487.738,33195273.79,947031.3398,4528185.821,6240350.819,621648.1136,29755264.69,4972215.412,2154656.766,995071.5839,340365697.9,5214422.488,8782137.737,606336.7484,2963518.079,9133831.103,319666.5374,454460.0407,14654714.91,4724458.802,3272687.305,106314531.2,12812670.76,612086.8681,79383578.19,50527170.88,1989073.378,71526139.94,110434592.2,29375656.49,24900793,9305866.661,25721789.74,14949441.98,64755975.76,9186718.832,5943016.142,107380.142,1491721.456,14548672.01,16829296.51,18283976.5,3293949.375,2137038.667,455864.1397,15657943.64,1829173.248,28357183.26,7281423.361,2537440.897
09/01/17,54256628.66,38309.20814,1217579.484,7439707.615,1490462.474,723453.3924,37536325.64,885368.366,6104164.808,32764140,934731.48,4469374.62,6159302.35,613574.2682,29368809.07,4907637.241,2126672.501,982147.7867,335945094,5146698.578,8668077.031,598461.7641,2925028.48,9015202.672,315514.7702,448557.6016,14464382.31,4663098.445,3230182.276,104933738.6,12646262.27,604137.2023,78352559.64,49870933.76,1963239.678,70597172.27,109000289.1,28994131.15,24577386.32,9185003.865,25387720.12,14755281.52,63914937.68,9067403.506,5865829.398,105985.5095,1472347.267,14359716.67,16610720.87,18046507.75,3251168.198,2109283.222,449943.4645,15454581.3,1805416.299,27988885.65,7186853.643,2504485.105
10/01/17,55963103.09,39514.10578,1255874.68,7673700.605,1537340.36,746207.381,38716914.66,913214.8892,6296152.43,33794634.67,964130.5673,4609944.974,6353024.153,632872.3489,30292514.11,5061991.789,2193560.406,1013038.207,346511207.8,5308572.062,8940704.581,617284.5276,3017026.203,9298747.986,325438.3114,462665.5935,14919314.71,4809761.782,3331777.667,108234104.8,13044011.33,623138.4692,80816897.04,51439469.72,2024987.309,72817587.95,112428556,29906051.86,25350391.98,9473889.75,26186212.32,15219363.26,65925184.34,9352590.635,6050320.917,109318.9559,1518655.395,14811357.14,17133159.71,18614104.83,3353423.637,2175624.202,464095.0443,15940657.35,1862200.084,28869189.47,7412893.893,2583255.937
11/01/17,51813754.62,36584.3577,1162758.655,7104738.985,1423355.243,690880.3122,35846273.8,845505.1557,5829328.237,31288953.11,892645.7234,4268143.554,5881983.243,585948.4336,28046495.04,4686673.647,2030920.274,937927.1377,320819356.1,4914971.383,8277801.762,571516.3614,2793330.726,8609298.267,301308.896,428361.5491,13813131.67,4453145.073,3084745.144,100209156.3,12076871.46,576936.2662,74824779.92,47625523.15,1874845.921,67418574.49,104092612.7,27688686.78,23470803.39,8771454.257,24244652.37,14090933.31,61037203.73,8659148.787,5601723.745,101213.5719,1406055.663,13713178.54,15862832.55,17233973.94,3104786.188,2014313.937,429685.0143,14758747.51,1724128.451,26728701.89,6863269.619,2391722.079
12/01/17,56897290.4,40173.71138,1276838.889,7801797.036,1563003.052,758663.7572,39363212.81,928459.1076,6401253.566,34358765.63,980224.7167,4686898.392,6459074.644,643436.8331,30798184.47,5146491.187,2230177.323,1029948.768,352295489.9,5397187.603,9089951.001,627588.8057,3067389.164,9453971.194,330870.8254,470388.8308,15168361.56,4890050.726,3387394.748,110040847.5,13261753.9,633540.4666,82165966.61,52298144.4,2058790.25,74033125.74,114305316.4,30405271.04,25773563.92,9632036.585,26623336.53,15473418.79,67025667.82,9508712.633,6151318.409,111143.8079,1544006.181,15058601.86,17419162.08,18924828.5,3409402.052,2211941.711,471842.1434,16206753.39,1893285.632,29351100.39,7536636.7,2626378.008
01/01/18,51700230.88,36276.80026,1174347.945,7076886.958,1413355.406,688038.5015,35781883.29,841815.8265,5882538.257,31394362.36,891301.2632,4223383.272,5885730.866,581524.3071,28133268.95,4720272.145,2021954.288,927390.263,319029042.6,4920217.098,8206225.379,567407.9681,2771372.259,8676477.878,300856.4315,422958.0689,13729438.64,4392654.14,3069787.284,99730025.82,12171727.24,568910.3723,75047028,47735730.62,1877817.39,67295718.08,103951280.7,27722987.42,23567650.53,8709249.069,24130081.79,14055272.54,60834190.82,8562733.364,5580868.023,100629.7781,1395827.358,13672284.68,15665223.79,17224093.3,3146096.895,2014254.467,426901.8798,14784533.26,1713147.634,26545978.96,6875095.3,2398525.629
02/01/18,49581448.59,34790.10202,1126220.74,6786861.508,1355433.181,659841.262,34315467.78,807316.4745,5641459.685,30107756.52,854773.8958,4050300.299,5644521.454,557692.2394,26980309.46,4526825.639,1939090.423,889383.8938,305954573.2,4718576.435,7869917.307,544154.4172,2657795.698,8320897.887,288526.7132,405624.3733,13166777.88,4212634.097,2943981.058,95642883.29,11672904.71,545595.2497,71971445.73,45779421.75,1800860.553,64537800.5,99691142.41,26586842.11,22601799.52,8352326.047,23141181.18,13479258.43,58341079.98,8211814.858,5352152.52,96505.76187,1338623.468,13111966.21,15023230.55,16518214.37,3017163.343,1931706.157,409406.5587,14178632.54,1642939.305,25458069.89,6593339.689,2300229.092
03/01/18,54719903.03,38395.63109,1242938.467,7490228.99,1495905.714,728224.9894,37871807.35,890984.0365,6226121.577,33228023.07,943359.7852,4470059.788,6229500.658,615489.5859,29776457.91,4995970.611,2140051.228,981556.6468,337662675.3,5207593.813,8685529.046,600548.7493,2933240.697,9183247.736,318428.6506,447661.918,14531338.42,4649217.315,3249085.345,105554989.8,12882645.26,602138.9049,79430324.11,50523846.92,1987495.679,71226280.91,110022796.8,29342212.93,24944173.94,9217933.004,25539455.3,14876203.41,64387353.14,9062859.709,5906831.592,106507.2942,1477353.899,14470846.25,16580187.6,18230106.5,3329851.996,2131901.681,451836.0763,15648058.29,1813208.004,28096458.57,7276651.221,2538617.093
04/01/18,56272062.11,39484.74354,1278195.076,7702693.309,1538337.873,748881.4775,38946061.26,916257.2713,6402728.819,34170553.57,970118.686,4596855.406,6406203.749,632948.2746,30621082.94,5137683.968,2200754.916,1009399.022,347240656.3,5355309.975,8931898.685,617583.6332,3016443.626,9443735.43,327461.0482,460360.0858,14943527.54,4781094.83,3341247.375,108549113.1,13248068.33,619218.8944,81683407.39,51956982.65,2043872.048,73246652.16,113143651.8,30174520.37,25651728.67,9479404.564,26263895.5,15298174.81,66213734.57,9319932.533,6074382.004,109528.4301,1519259.826,14881319.48,17050493.42,18747213.15,3424305.015,2192374.203,464652.6464,16091923.76,1864640.611,28893429.52,7483057.293,2610626.314
05/01/18,55952101.07,39260.23462,1270927.302,7658896.055,1529590.936,744623.3627,38724615.27,911047.4634,6366323.119,33976260.96,964602.6239,4570717.841,6369778.29,629349.352,30446972.5,5108471.27,2188241.498,1003659.613,345266257.6,5324859.863,8881112.211,614072.0735,2999292.229,9390038.669,325599.1158,457742.4939,14858559.15,4753909.686,3322249.155,107931906.5,13172740.26,615698.0366,81218958.29,51661557,2032250.661,72830174.17,112500320.9,30002949.07,25505873.8,9425504.99,26114559.88,15211189.9,65837245.51,9266939.711,6039843.273,108905.6551,1510621.366,14796704.8,16953544.89,18640617.13,3404834.532,2179908.437,462010.6471,16000425.63,1854038.327,28729142.45,7440508.882,2595782.38
06/01/18,54150396.23,37996.02196,1230002.371,7412273.143,1480336.818,720645.8626,37477650,881710.9669,6161322.146,32882196.7,933541.606,4423536.872,6164666.058,609083.7722,29466554.31,4943974.188,2117778.277,971340.9272,334148393,5153394.885,8595132.909,594298.4349,2902712.49,9087671.506,315114.5497,443002.7996,14380101.02,4600829.786,3215269.931,104456408.1,12748566.91,595872.0407,78603639.35,49998011.3,1966810.476,70484981.15,108877715.7,29036828.81,24684563.16,9121995.781,25273649.03,14721376.76,63717230.69,8968536.438,5845355.227,105398.8012,1461978.084,14320238.43,16407626.45,18040373.54,3295195.989,2109713.547,447133.5147,15485198.43,1794336.73,27804039.84,7200918.222,2512195.999
07/01/18,55083289.16,38650.61034,1251192.622,7539970.403,1505839.784,733061.0151,38123307.97,896900.919,6267468.255,33448685.05,949624.4867,4499744.741,6270869.775,619576.9538,29974198.61,5029148.053,2154262.966,988075.0076,339905039.2,5242176.611,8743208.256,604536.8975,2952719.88,9244232.216,320543.2844,450634.7692,14627838.71,4680092.023,3270662.001,106255963.6,12968196.85,606137.6131,79957808.19,50859367.71,2000694.32,71699283.25,110753440.6,29537069.88,25109824.21,9279147.823,25709058.74,14974993.89,64814939.25,9123044.711,5946057.916,107214.5921,1487164.77,14566944.83,16690293.97,18351169.73,3351965.011,2146059.299,454836.6475,15751974.54,1825249.228,28283042.65,7324974.298,2555475.643
08/01/18,56936722.11,39951.11936,1293292.534,7793674.017,1556508.02,757726.9248,39406074.41,927079.6853,6478354.938,34574160.6,981577.2865,4651151.37,6481870.913,640424.3716,30982765.24,5198367.953,2226749.232,1021321.584,351342104.9,5418564.46,9037398.209,624878.2501,3052072.486,9555280.536,331328.8691,465797.6497,15120033.69,4837566.947,3380712.669,109831245.8,13404548.48,626532.8262,82648214.63,52570674.89,2068013.335,74111808.29,114480053.2,30530928.08,25954715.22,9591370.978,26574112.68,15478869.89,66995821.07,9430015.335,6146129.84,110822.1301,1537204.632,15057090.86,17251886.09,18968646.7,3464751.348,2218269.529,470140.912,16281994.24,1886664.897,29234705.56,7571443.762,2641461.844
09/01/18,53533146.99,37562.91311,1215981.827,7327782.164,1463462.762,712431.3684,37050449.97,871660.5247,6091090.501,32507379.3,922900.357,4373113.884,6094396.296,602140.9514,29130671.11,4887618.842,2093638.157,960268.8115,330339504.1,5094652.396,8497158.755,587524.1492,2869625.067,8984083.005,311522.6237,437953.1017,14216185.2,4548385.872,3178619.729,103265730.9,12603248.62,589079.8177,77707652.61,49428094.24,1944391.207,69681537.32,107636641,28705843.96,24403188.9,9018016.025,24985559.89,14553570.81,62990931.06,8866305.933,5778725.223,104197.3819,1445313.296,14157004.97,16220599.28,17834735.02,3257634.727,2085665.356,442036.7316,15308685.83,1773883.454,27487107.3,7118836.435,2483559.993
10/01/18,56562593.4,39688.60231,1284794.366,7742462.126,1546280.274,752747.9343,39147138.82,920987.8853,6435785.951,34346975.3,975127.3851,4620588.858,6439278.822,636216.1711,30779178.84,5164209.705,2212117.36,1014610.524,349033451.3,5382959.309,8978013.86,620772.2024,3032017.451,9492493.206,329151.7216,462736.9137,15020680.61,4805779.506,3358498.153,109109549.5,13316467.78,622415.9064,82105136.83,52225235.28,2054424.51,73624822.84,113727809.8,30330310.68,25784167.92,9528346.499,26399495.35,15377158.91,66555594.46,9368051.117,6105743.89,110093.9227,1527103.727,14958151.37,17138524.7,18844004.55,3441984.618,2203693.377,467051.6366,16175005.97,1874267.705,29042605.59,7521692.136,2624104.914
11/01/18,51744303.3,36307.7248,1175349.031,7082919.726,1414560.236,688625.0273,35812385.94,842533.4414,5887552.89,31421124.82,892061.0626,4226983.54,5890748.22,582020.0338,28157251.46,4724295.992,2023677.925,928180.8268,319301002.3,4924411.39,8213220.864,567891.6611,2773734.745,8683874.235,301112.8998,423318.624,13741142.45,4396398.705,3072404.157,99815041.75,12182103.16,569395.346,75111002.65,47776423.46,1879418.155,67353085.04,104039895.1,27746620.17,23587741.03,8716673.362,24150651.73,14067254.11,60886049.58,8570032.758,5585625.494,100715.561,1397017.246,13683939.77,15678577.78,17238776.16,3148778.819,2015971.54,427265.7969,14797136.49,1714608.026,26568608.37,6880956.049,2400570.278
12/01/18,53251619.57,37365.37214,1209587.056,7289245.824,1455766.505,708684.7372,36855604.01,867076.5174,6059057.843,32336425.06,918046.8827,4350115.957,6062346.254,598974.3305,28977474.76,4861915.165,2082627.847,955218.8189,328602269.6,5067859.943,8452472.737,584434.397,2854533.891,8936836.284,309884.346,435649.9342,14141423.18,4524466.2,3161903.57,102722663,12536968.93,585981.8844,77298993.01,49168155.04,1934165.778,69315086.55,107070586.7,28554881.75,24274854.08,8970590.853,24854162.42,14477034.51,62659665.76,8819678.595,5748335.275,103649.4145,1437712.485,14082554.19,16135296.18,17740943.29,3240503.033,2074696.974,439712.0885,15228178.43,1764554.714,27342554.35,7081398.927,2470499.109
01/01/19,51647975.04,35757.55439,1174988.88,6873137.227,1403040.541,682847.9185,35714701.34,844768.3323,5903295.256,31525372.41,891947.1421,4161351.523,5867848.907,577878.1788,28228395.19,4754043.101,1997537.113,909810.359,316282850.8,4916087.997,8137348.83,562224.5235,2744991.37,8727488.52,299846.8551,420874.8177,13699251.25,4344682.9,3040356.861,99130832.96,12303368.44,569102.1732,75282473.66,47865143.21,1911955.499,67403332.34,103734843.7,27600381.74,23787736.4,8646855.079,23998951.82,13997884.4,60521232.39,8459260.181,5528043.219,99865.96347,1387635.851,13637196.8,15433290.35,17213761.37,3195492.987,2008460.439,424391.444,14798928.31,1697067.847,26273835.6,6856798.919,2403256.205
02/01/19,48120443.82,33315.33106,1094737.719,6403705.345,1307213.564,636209.7425,33275404.86,787071.072,5500103.102,29372205.02,831027.5923,3877133.267,5467077.722,538409.3842,26300409.72,4429344.303,1861106.314,847670.7603,294680888.1,4580321.612,7581571.919,523824.8659,2557509.814,8131405.36,279367.4628,392129.2753,12763599.15,4047943.202,2832701.987,92360245.98,11463054.45,530232.7756,70140717.85,44595977.55,1781369.882,62799718,96649805.06,25715289.29,22163045.74,8056279.143,22359835.25,13041835.8,56387662.07,7881496.884,5150480.594,93045.16743,1292861.007,12705782.98,14379204.23,16038069.96,2977242.392,1871283.582,395405.7177,13788168.8,1581158.95,24479345.59,6388482.935,2239114.992
03/01/19,54171031.56,37504.34757,1232388.291,7208897.026,1471580.51,716205.7392,37459401.11,886036.1312,6191677.28,33065419.16,935519.6742,4364637.81,6154499.341,606108.1201,29607381.23,4986282.98,2095118.849,954255.5276,331733592.2,5156243.935,8534866.661,589689.7678,2879087.013,9153835.28,314494.6813,441434.9839,14368473.71,4556925.114,3188881.41,103973475.8,12904400.6,596903.3977,78960099.67,50203404.52,2005356.485,70696054.22,108802397.2,28948688.68,24949791.7,9069262.813,25171325.21,14681695.4,63477756.63,8872503.712,5798093.796,104744.5181,1455423.284,14303387.84,16187222.4,18054671.26,3351596.095,2106575.791,445123.4011,15521871.12,1779971.35,27557339.4,7191760.574,2520657.734
04/01/19,53585351.7,37098.86257,1219064.104,7130956.738,1455670.252,708462.352,37054402.05,876456.5921,6124734.847,32707926.43,925405.1349,4317448.743,6087958.864,599555.0731,29287275.69,4932372.884,2072467.094,943938.4222,328146994.8,5100496.276,8442590.414,583314.2307,2847959.245,9054866.942,311094.4655,436662.3301,14213126.37,4507657.098,3154404.245,102849347.8,12764882.35,590449.8692,78106408.34,49660621.38,1983675.213,69931711.1,107626060.5,28635704.72,24680042.54,8971208.846,24899180.9,14522961.61,62791455.43,8776577.041,5735406.662,103612.0539,1439687.714,14148744.19,16012211.34,17859469.93,3315359.71,2083800.167,440310.8693,15354053.62,1760726.87,27259398.27,7114005.561,2493405.19
05/01/19,54278202.92,37578.54575,1234826.435,7223159.026,1474491.868,717622.6726,37533510.36,887789.0551,6203926.825,33130835.42,937370.4958,4373272.76,6166675.333,607307.2376,29665956.13,4996147.786,2099263.808,956143.416,332389890.2,5166444.99,8551751.945,590856.4034,2884782.966,9171945.125,315116.874,442308.3139,14396900.14,4565940.483,3195190.257,104179175.7,12929930.52,598084.3047,79116313.44,50302726.37,2009323.86,70835918.49,109017650.6,29005960.44,24999152.09,9087205.34,25221123.88,14710741.5,63603340.3,8890056.973,5809564.68,104951.7435,1458302.677,14331685.5,16219247.02,18090390.42,3358226.855,2110743.416,446004.0282,15552579.42,1783492.826,27611858.53,7205988.672,2525644.575
06/01/19,53762062.95,37221.20545,1223084.276,7154472.872,1460470.693,710798.6858,37176598.31,879346.9295,6144932.709,32815789.09,928456.8924,4331686.622,6108035.448,601532.2576,29383857.9,4948638.631,2079301.579,947051.2979,329229142.5,5117316.452,8470431.992,585237.857,2857351.111,9084727.657,312120.3782,438102.3346,14259997.75,4522522.237,3164806.691,103188519.6,12806977.78,592397.027,78363983.98,49824389.84,1990216.884,70162328.61,107980984.6,28730138.2,24761431.22,9000793.677,24981292.25,14570854.75,62998526.14,8805520.024,5754320.616,103953.7409,1444435.448,14195403.25,16065015.65,17918366.05,3326292.948,2090672.026,441762.9058,15404687.5,1766533.312,27349293.03,7137465.794,2501627.824
07/01/19,63519263.9,43976.42951,1445060.115,8452928.058,1725529.459,839800.5363,43923726.68,1038938.363,7260167.876,38771480.35,1096961.224,5117838.315,7216574.183,710703.4983,34716692.8,5846760.073,2456671.089,1118930.302,388980475,6046050.994,10007718.74,691451.8498,3375927.732,10733502.06,368766.6652,517612.9092,16848024.62,5343308.416,3739182.991,121916058.4,15131298.11,699910.3276,92586152.86,58866948.05,2351418.537,82895990.63,127578301.2,33944330.45,29255348.43,10634335.02,29515111.73,17215298.62,74432039.76,10403621.43,6798664.145,122820.1586,1706583.999,16771706.96,18980632.68,21170345.02,3929977.161,2470105.141,521937.8322,18200462.49,2087138.95,32312877.63,8432834.389,2955644.728
08/01/19,56520809.57,39131.17447,1285845.625,7521597.509,1535413.29,747272.6111,39084278.36,924469.7397,6460253.8,34499698.57,976099.7315,4553962.799,6421463.193,632399.2852,30891661.24,5202573.085,2185998.865,995648.2903,346123207.5,5379906.44,8905083.758,615268.7537,3003973.232,9550901.392,328136.5239,460583.1188,14991735.31,4754590.953,3327205.588,108483535.5,13464155.07,622795.2894,82385153.63,52381078.69,2092342.877,73762638.5,113521921.1,30204396.58,26032039.36,9462660.423,26263182.34,15318543.62,66231232.65,9257366.498,6049597.837,109288.0234,1518555.212,14923826.2,16889375.9,18837829.13,3496978.351,2197952.774,464431.5285,16195163.67,1857181.206,28752694.71,7503717.729,2629996.36
09/01/19,53364712.05,36946.10663,1214044.562,7101594.761,1449676.477,705545.2322,36901829.19,872847.7499,6099516.026,32573250.34,921594.7452,4299671.489,6062891.469,597086.383,29166684.26,4912063.657,2063933.635,940051.721,326795837.5,5079494.795,8407827.738,580912.4129,2836232.668,9017583.195,309813.5226,434864.3569,14154603.3,4489096.654,3141415.869,102425861.8,12712322.48,588018.6702,77784802.33,49456141.94,1975507.357,69643764.71,107182906.2,28517796.16,24578421.56,8934269.564,24796657.61,14463162.78,62532909.31,8740439.162,5711790.914,103185.4275,1433759.747,14090486.21,15946280.47,17785932.91,3301708.595,2075220.044,438497.8731,15290832.74,1753477.012,27147156.69,7084713.381,2483138.502
10/01/19,54666478.51,37847.36143,1243659.685,7274829.424,1485039.55,722756.1397,37802003.89,894139.7963,6248306.211,33367834.69,944075.9146,4404556.682,6210788.244,611651.5704,29878169.62,5031887.403,2114280.755,962983.1257,334767619.7,5203402.818,8612926.346,595083.0562,2905419.073,9237556.037,317371.0421,445472.3377,14499887.43,4598602.641,3218046.843,104924414.7,13022423.94,602362.6618,79682266.84,50662563.65,2023697.427,71342638.63,109797501.3,29213452.69,25177981.9,9152210.072,25401541.55,14815973.83,64058322.66,8953651.417,5851123.022,105702.509,1468734.551,14434206.28,16335270.35,18219798.85,3382249.712,2125842.482,449194.489,15663833.78,1796250.926,27809378.17,7257536.243,2543711.609
11/01/19,51536609.3,35680.4523,1172455.315,6858317.052,1400015.241,681375.5303,35637691.65,842946.8039,5890566.299,31457395.95,890023.8846,4152378.625,5855196.381,576632.1312,28167527.82,4743792.214,1993229.932,907848.584,315600867.1,4905487.702,8119802.704,561012.2291,2739072.494,8708669.907,299200.3115,419967.308,13669712.29,4335314.695,3033801.103,98917082.49,12276839.35,567875.0489,75120146.13,47761934.19,1907832.853,67257994.17,103511165.9,27540868.53,23736444.18,8628210.332,23947204.17,13967701.52,60390733.72,8441019.935,5516123.397,99650.62788,1384643.766,13607791.65,15400012.38,17176644.27,3188602.718,2004129.705,423476.3516,14767018.18,1693408.551,26217182.75,6842013.973,2398074.194
12/01/19,51906133.52,35936.28581,1180861.973,6907492.082,1410053.533,686261.0819,35893218.56,848990.8427,5932802.429,31682949.59,896405.4721,4182151.722,5897178.905,580766.659,28369492.68,4777805.824,2007521.651,914357.977,317863766.6,4940660.69,8178022.75,565034.7601,2758712.001,8771112.209,301345.6168,422978.5285,13767725.91,4366399.468,3055553.854,99626330.9,12364865.89,571946.7872,75658767.39,48104393.5,1921512.264,67740242.78,104253354.5,27738340.15,23906637.59,8690075.728,24118908.76,14067851.76,60823743.17,8501543.151,5555674.723,100365.1359,1394571.843,13705361.29,15510432.48,17299803.05,3211465.416,2018499.576,426512.7324,14872899.63,1705550.511,26405163.38,6891072.108,2415268.699
01/01/20,51353735.87,35386.25813,1163269.2,6452001.765,1390222.949,680243.6882,35505231.3,840840.4845,5975491.525,31504638.82,913434.8064,4101347.601,5818106.047,573837.8893,28309871.09,4730179.317,1976350.307,885150.5023,312968109.4,4897322.262,8040276.599,558090.0781,2708252.992,8749360.397,295286.8992,415279.0451,13598482.01,4292050.507,3019102.434,98207395.74,12320809.59,563709.8852,75364670.65,47958476.9,1929446.532,67172875.4,102863436.8,27474773.93,23884334.73,8547603.145,23808868.75,13910906.23,60062954.79,8348594.04,5481967.473,98809.79583,1372931.235,13561984.14,15172058.88,17135193.38,3129151.844,2010964.614,418428.6073,14803035.17,1695977.511,25975211.76,6832573.87,2424236.585
02/01/20,50233917.25,34614.62604,1137902.973,6311309.534,1359907.773,665410.3069,34731004.88,822505.1324,5845190.067,30817649.24,893516.4638,4011913.69,5691236.534,561324.7909,27692546.57,4627033.114,1933254.049,865848.9268,306143532.5,4790531.343,7864950.476,545920.3761,2649196.877,8558572.005,288847.8786,406223.4779,13301953.76,4198458.132,2953267.942,96065887.08,12052142.24,551417.6379,73721270.03,46912695.23,1887373.057,65708104.92,100620398.6,26875659.51,23363513.36,8361214.268,23289692.99,13607565.26,58753223.1,8166544.753,5362427.791,96655.15125,1342993.122,13266251.76,14841217.25,16761543.67,3060917.616,1967113.556,409304.3608,14480240.46,1658995.057,25408796.77,6683582.89,2371373.726
03/01/20,42744888.39,29454.16977,968260.8531,5370399.849,1157168.486,566208.8656,29553198.49,699883.5052,4973770.924,26223258.1,760308.2461,3413805.101,4842769.264,477640.7426,23564055.46,3937220.604,1645038.513,736765.4717,260502701.1,4076344.008,6692419.16,464532.866,2254246.354,7282633.431,245785.5371,345662.4164,11318857.06,3572538.916,2512985.558,81744085.39,10255371.34,469210.5788,62730673.46,39918804.5,1605997.602,55912135.96,85619596.17,22868952.48,19880408.02,7114698.4,19817593.02,11578907.05,49994109.59,6949050.823,4562980.352,82245.50022,1142775.524,11288477.62,12628642.35,14262680.53,2604586.484,1673850.14,348283.9917,12321481.11,1411666.906,21620774.2,5687173.534,2017841.945
04/01/20,29967541.48,20649.69842,678827.3025,3765074.289,811266.4678,396957.1171,20719125.37,490673.5931,3487006.099,18384574.26,533036.1071,2393346.896,3395163.592,334863.8704,16520263.27,2760302.488,1153301.874,516530.7635,182632960.2,2857838.978,4691914.2,325674.214,1580404.668,5105701.001,172315.0663,242336.644,7935412.423,2504631.833,1761801.277,57309057.58,7189824.97,328953.66,43979154.7,27986233.55,1125931.113,39198821.59,60026096.61,16032941.2,13937735.58,4987965.286,13893697.31,8117727.998,35049817.87,4871833.256,3199009.476,57660.58896,801175.8647,7914114.043,8853675.322,9999265.092,1826020.758,1173501.099,244174.5753,8638331.041,989689.9527,15157869.68,3987157.651,1414666.512
05/01/20,38792385.73,26730.62343,878728.4261,4873813.696,1050168.288,513853.0838,26820495.23,635167.1959,4513859.961,23798465.3,690004.6267,3098139.901,4394971.664,433474.6124,21385151.85,3573156.607,1492926.311,668638.7881,236414730.4,3699415.652,6073589.505,421578.7852,2045802.373,6609228.28,223058.4222,313699.9603,10272233.37,3242196.035,2280616.671,74185433.88,9307085.259,425823.9627,56930140.03,36227622.07,1457495.406,50742094.01,77702586.8,20754323.13,18042121.18,6456821.741,17985114.51,10508237.25,45371291.32,6306491.141,4141054.067,74640.48426,1037106.204,10244663.04,11460906.41,12943849.55,2363747.511,1519073.806,316079.1257,11182147.52,1281133.937,19621560.48,5161296.186,1831257.631
06/01/20,43201779.65,29768.99929,978610.3927,5427802.94,1169537.221,572260.9549,29869086.51,707364.415,5026934.531,26503553.07,768435.0234,3450294.556,4894532.621,482746.1455,23815926.77,3979304.74,1662621.989,744640.6052,263287160.5,4119915.205,6763953.042,469498.1615,2278341.526,7360475.991,248412.6878,349357.1304,11439841.97,3610725.044,2539846.34,82617830.98,10364988.87,474225.8734,63401188.63,40345488.33,1623163.778,56509769.2,86534766.29,23113393.97,20092905.58,7190745.937,20029419.16,11702671.59,50528486.27,7023327.787,4611753.104,83124.60533,1154990.415,11409137.82,12763627.29,14415131.36,2632426.369,1691741.577,352006.7272,12453182.87,1426755.921,21851874.18,5747962.553,2039410.239
07/01/20,45703344.98,31492.74995,1035276.064,5742095.633,1237258.36,605397.2787,31598632.64,748323.7992,5318015.251,28038220.62,812930.6536,3650081.169,5177946.711,510699.1842,25194969.42,4209723.274,1758894.817,787758.4381,278532598,4358475.679,7155614.463,496684.0861,2410267.114,7786678.608,262796.8305,369586.3823,12102257.09,3819801.259,2686914.159,87401751.99,10965165.46,501685.5525,67072384.96,42681662.34,1717151.809,59781923.27,91545494.38,24451757.01,21256369.59,7607120.468,21189207.04,12380305.65,53454298.82,7430008.1,4878793.068,87937.87072,1221869.233,12069775.04,13502695.17,15249828.29,2784854.963,1789700.553,372389.4019,13174274.7,1509371.109,23117189.9,6080793.838,2157500.697
08/01/20,47014597.5,32396.29318,1064978.668,5906839.317,1272755.941,622766.4388,32505213.7,769793.5948,5470591.85,28842651.63,836254.0532,3754803.879,5326504.672,525351.4071,25917826.08,4330502.405,1809358.416,810359.6338,286523841.8,4483522.593,7360912.731,510934.2085,2479418.92,8010082.431,270336.6071,380190.0061,12449477.09,3929393.327,2764003.112,89909353.32,11279761.71,516079.1696,68996726.27,43906221.23,1766417.78,61497097.47,94171981.81,25153290.52,21866225.79,7825372.676,21797136.32,12735503,54987930.21,7643178.863,5018768.156,90460.85356,1256925.291,12416063.11,13890094.45,15687353.73,2864753.887,1841047.984,383073.4458,13552251.43,1552675.744,23780433.99,6255254.948,2219400.504
09/01/20,41922907.08,28887.76807,949641.2623,5267127.423,1134916.215,555320.7074,28984892.48,686424.7927,4878125.645,25718986.62,745687.5699,3348157.859,4749643.138,468455.7433,23110920.27,3861508.118,1613404.534,722597.5214,255493251.7,3997956.188,6563724.392,455599.9303,2210897.349,7142588.882,241059.0978,339015.3515,11101196.2,3503839.234,2464661.015,80172152.15,10058161.24,460187.691,61524366.84,39151168.58,1575114.377,54836949.36,83973137.12,22429184.07,19498109.11,6977883.231,19436502.04,11356245.45,49032726.24,6815421.045,4475234.548,80663.92481,1120800.028,11071400.96,12385794.41,13988410.14,2554500.461,1641662.115,341586.5141,12084539.86,1384520.647,21205008.18,5577809.571,1979038.98
10/01/20,47118481.45,32467.87637,1067331.856,5919891.13,1275568.235,624142.51,32577037.56,771494.5388,5482679.727,28906382.65,838101.8488,3763100.533,5338274.172,526512.229,25975094.38,4340071.128,1813356.394,812150.2129,287156947.9,4493429.431,7377177.48,512063.1741,2484897.47,8027781.593,270933.9457,381030.0779,12476985.58,3938075.755,2770110.482,90108017.96,11304685.59,517219.5035,69149182.15,44003236.88,1770320.875,61632982.1,94380065.21,25208869.49,21914541.63,7842663.701,21845299.5,12763643.5,55109432.12,7660067.31,5029857.678,90660.73681,1259702.606,12443497.77,13920786.15,15722016.67,2871083.877,1845115.983,383919.8889,13582196.63,1556106.553,23832979.49,6269076.624,2224304.515
11/01/20,43589306.24,30036.03178,987388.6782,5476491.166,1180028.149,577394.2235,30137016.8,713709.5824,5072026.906,26741294.01,775328.0036,3481244.228,4938437.33,487076.4525,24029559.29,4014999.714,1677535.963,751320.1457,265648886.7,4156871.477,6824626.739,473709.6321,2298778.6,7426500.59,250640.9877,352490.9175,11542459.11,3643113.802,2562629.151,83358925.61,10457964.42,478479.7523,63969907.02,40707393.55,1637723.806,57016670.5,87310996.43,23320724.66,20273142.03,7255248.032,20209086.13,11807646.35,50981734.55,7086328.115,4653121.237,83870.24581,1165350.856,11511479.54,12878118.99,14544437.3,2656039.637,1706916.759,355164.2815,12564889.83,1439554.141,22047888.85,5799522.66,2057704.062
12/01/20,43173172.65,29749.2871,977962.3846,5424208.803,1168762.786,571882.0198,29849308.04,706896.0182,5023605.837,26486003.17,767926.1875,3448009.868,4891291.6,482426.4846,23800156.53,3976669.756,1661521.048,744147.5252,263112819.2,4117187.113,6759474.143,469187.2731,2276832.873,7355602.092,248248.1959,349125.7959,11432266.83,3608334.124,2538164.525,82563123.79,10358125.47,473911.8545,63359206.15,40318772.68,1622088.965,56472350.03,86477465.41,23098088.93,20079600.62,7185984.429,20016156.25,11694922.41,50495027.73,7018677.138,4608699.331,83069.56257,1154225.613,11401583.01,12755175.58,14405586.07,2630683.25,1690621.354,351773.6382,12444936.72,1425811.164,21837404.49,5744156.415,2038059.799
01/01/21,42126070.44,30282.46069,1020911.71,5236458.307,1146678.951,551748.9678,29429078.14,699233.4207,4841493.928,25574893.79,729515.8814,3435044.681,4548400.254,481022.317,22992471.43,3827981.782,1714342.048,788915.1181,251669751.1,3962947.795,6576286.14,432469.016,2297640.526,7142960.94,218084.3989,337009.5771,11041593.35,3484839.689,2582726.453,80319272.81,10326876.6,496024.172,61441389.55,40054547.4,1641309.369,55302691.3,83333860.1,21526521.58,19826066.39,7088123.079,19046172.65,11243130.09,48342793.54,6754711.919,4612563.594,81724.6324,1113254.21,11402524.8,12282109.92,13981551.47,2506424.788,1656640.657,406722.5891,12012431.3,1388457.158,21288772.59,5504996.579,2077655.554
02/01/21,41273985.48,29669.93668,1000261.706,5130540.349,1123485.05,540588.7292,28833815.52,685090.0108,4743564.923,25057589.85,714759.9475,3365563.956,4456399.662,471292.6679,22527402.2,3750553.109,1679666.014,772957.7145,246579221.5,3882789.162,6443267.455,423721.4556,2251166.1,6998480.111,213673.2009,330192.877,10818254.8,3414351.76,2530485.587,78694653.1,10117994.63,485991.0801,60198613.2,39244363.18,1608110.568,54184082.54,81648264.27,21091104.16,19425044.1,6944751.456,18660925.3,11015715.05,47364962.78,6618084.212,4519265.168,80071.58645,1090736.392,11171885.68,12033679.41,13698746.32,2455727.278,1623131.75,398495.8023,11769455.59,1360372.804,20858164.12,5393646.892,2035630.769
03/01/21,48171665.47,34628.35604,1167424.753,5987952.713,1311241.097,630931.5449,33652502.89,799581.781,5536306.222,29245196.99,834210.137,3928014.683,5201150.1,550054.7736,26292166.12,4377342.959,1960370.64,902133.8747,287787370.9,4531678.209,7520061.869,494533.4931,2627379.426,8168061.281,249382.1189,385374.4829,12626194.08,3984955.871,2953378.594,91846049.26,11808906.92,567209.5742,70258963.93,45802854.09,1876856.898,63239289.05,95293265.88,24615834.94,22671344.08,8105353.53,21779526.27,12856653.76,55280562.7,7724093.881,5274521.646,93453.09476,1273019.506,13038923.51,14044739.61,15988071.36,2866126.728,1894388.408,465092.146,13736358.89,1587717.369,24343966.12,6295029.441,2375823.979
04/01/21,48855275.15,35119.77105,1183991.813,6072928.443,1329849.071,639885.1674,34130069.45,810928.7386,5614872.584,29660218.96,846048.5096,3983757.594,5274960.223,557860.6645,26665281.3,4439462.339,1988190.486,914936.161,291871394.8,4595987.779,7626779.937,501551.4751,2664664.871,8283975.184,252921.1294,390843.3767,12805373.86,4041506.841,2995290.331,93149447.18,11976488.48,575258.9109,71256017.01,46452847.7,1903491.591,64136725.12,96645583.65,24965161.1,22993075.75,8220377.54,22088602.04,13039104.02,56065055.56,7833707.391,5349372.993,94779.29844,1291085.073,13223960.39,14244050.14,16214959.93,2906800.264,1921271.893,471692.3225,13931293.15,1610248.85,24689434.16,6384362.932,2409539.572
05/01/21,51139151.35,36761.54277,1239340.815,6356824.434,1392016.578,669798.3856,35725574.81,848837.8659,5877355.475,31046768.68,885599.4086,4169989.462,5521552.962,583939.4183,27911824.3,4646997.397,2081134,957707.4055,305515737.8,4810840.056,7983315.053,524997.8987,2789232.068,8671232.726,264744.6336,409114.4413,13403996.8,4230438.359,3135313.538,97503978.08,12536362.87,602150.9943,74587078.41,48624415.72,1992475.618,67134975.35,101163551.2,26132227.24,24067951.25,8604662.032,23121195.4,13648653.33,58685973.07,8199915.908,5599444.364,99210.02129,1351440.448,13842151.32,14909928.02,16972973.49,3042686.755,2011087.111,493742.8966,14582550.33,1685524.427,25843610.67,6682817.797,2522180.225
06/01/21,50619152.98,36387.74028,1226738.822,6292186.319,1377862.132,662987.6729,35362306.36,840206.6256,5817592.746,30731075.74,876594.3659,4127587.748,5465408.14,578001.7456,27628008.42,4599745.321,2059972.4,947969.1468,302409161.3,4761921.978,7902138.289,519659.5612,2760870.313,8583061.008,262052.63,404954.4418,13267700.91,4187421.982,3103432.721,96512528.12,12408889.34,596028.1408,73828654.43,48129987.94,1972215.523,66452326.6,100134889.6,25866506.84,23823221.04,8517167.225,22886092.09,13509869.69,58089236.33,8116536.682,5542507.52,98201.22377,1337698.593,13701400.14,14758319.36,16800387.16,3011747.796,1990637.768,488722.3695,14434270.54,1668385.504,25580825.02,6614864.883,2496533.933
07/01/21,52142806.13,37483.02323,1263664.064,6481583.197,1419336.235,682943.8199,36426723.41,865497.1213,5992704.201,31656091.23,902980.1446,4251829.496,5629918.723,595399.7883,28459620.56,4738199.168,2121978.247,976503.3299,311511776.5,4905257.396,8139995.251,535301.4849,2843973.417,8841413.967,269940.5004,417143.7037,13667063.07,4313464.76,3196847.067,99417586.96,12782400.99,613968.7839,76050921.21,49578716.41,2031579.859,68452563.49,103148982.7,26645097.2,24540307.83,8773536.76,23574970.99,13916521.21,59837741.45,8360847.106,5709338.819,101157.1129,1377963.76,14113816.79,15202549.62,17306084.34,3102402.395,2050556.62,503433.0735,14868746.84,1718604.457,26350816.26,6813974.492,2571680.426
08/01/21,52242026.51,37554.34812,1266068.638,6493916.732,1422037.031,684243.3653,36496038.3,867144.0398,6004107.468,31716328.29,904698.3879,4259920.126,5640631.661,596532.7497,28513775.19,4747215.29,2126016.071,978361.4774,312104539.3,4914591.406,8155484.509,536320.0878,2849385.096,8858237.925,270454.1589,417937.4691,13693069.55,4321672.673,3202930.214,99606764.55,12806724.08,615137.0795,76195635.34,49673057.69,2035445.668,68582819.02,103345260.6,26695799.05,24587004.56,8790231.558,23619830.82,13943002.38,59951604.2,8376756.614,5720202.882,101349.6006,1380585.83,14140673.39,15231477.92,17339015.37,3108305.827,2054458.539,504391.0354,14897039.95,1721874.718,26400958.13,6826940.52,2576573.969
09/01/21,50169765.57,36064.6967,1215848.064,6236325.462,1365629.729,657101.7919,35048366.39,832747.4278,5765945.242,30458250.98,868812.1245,4090943.793,5416887.265,572870.3538,27382732.11,4558909.64,2041684.349,939553.2534,299724429.2,4719646.522,7831984.578,515046.1205,2736359.82,8506862.192,259726.1756,401359.3318,13149912.73,4150246.83,3075881.024,95655707.88,12298725.53,590736.7141,73173217.4,47702698.88,1954706.561,65862375.23,99245910.72,25636868.81,23611722.92,8441553.402,22682913.63,13389931.59,57573530.92,8044479.582,5493302.171,97329.41161,1325822.754,13579761.66,14627297.75,16651236.46,2985010.06,1972965.257,484383.5834,14306125.78,1653573.889,25353723.22,6556139.346,2474370.17
10/01/21,50884604.19,36578.56074,1233171.947,6325183.088,1385087.76,666464.4376,35547749.35,844612.7417,5848100.705,30892232.16,881191.3025,4149233.174,5494069.213,581032.8367,27772892.08,4623866.783,2070775.073,952940.3789,303995021.1,4786893.909,7943577.786,522384.7009,2775348.555,8628071.321,263426.8566,407078.0579,13337277.88,4209381.184,3119707.39,97018648.16,12473962.62,599153.7639,74215818.28,48382385.76,1982557.992,66800808.34,100660005.6,26002153.04,23948152.07,8561831.986,23006108.73,13580716.62,58393861.31,8159100.502,5571572.908,98716.19948,1344713.6,13773251.47,14835713.26,16888489.84,3027541.661,2001076.845,491285.2718,14509965.11,1677134.662,25714973.07,6649553.806,2509625.973
11/01/21,48364639.79,34767.07625,1172101.423,6011940.281,1316493.891,633459.0387,33787313.86,802784.8828,5558484.507,29362352.41,837551.9591,3943750.198,5221985.759,552258.2773,26397491.79,4394878.47,1968223.829,905747.7973,288940238.9,4549831.983,7550187.022,496514.5802,2637904.633,8200782.302,250381.1366,386918.282,12676774.25,4000919.491,2965209.744,92213981.92,11856213.06,569481.7996,70540419.33,45986339.02,1884375.533,63492623.84,95675007.99,24714445.27,22762164.84,8137823.345,21866774.43,12908157.14,55502015.06,7755036.381,5295651.229,93827.46519,1278119.186,13091157.07,14101002.44,16052119.12,2877608.35,1901977.274,466955.2919,13791386.35,1594077.72,24441487.35,6320247.149,2385341.462
12/01/21,49212710.93,35376.71491,1192654.154,6117359.304,1339578.535,644566.706,34379772.44,816861.669,5655952.209,29877219.55,852238.3839,4012903.628,5313552.975,561942.0941,26860370.27,4471942.408,2002736.519,921630.0323,294006789.2,4629613.022,7682579.112,505220.9344,2684160.137,8344582.542,254771.5552,393702.8716,12899060.75,4071075.381,3017204.525,93830948.72,12064111.07,579467.6298,71777341.48,46792706.8,1917417.948,64605963.3,97352663.69,25147811.63,23161298.07,8280519.604,22250207.04,13134500.93,56475239.66,7891020.493,5388510.165,95472.72434,1300530.931,13320709.75,14348262.7,16333592.1,2928067.045,1935328.335,475143.3258,14033217.51,1622029.78,24870067.41,6431072.315,2427168.286
01/01/22,45153940.51,32799.88947,1101447.622,5510600.097,1231335.184,596055.9914,31612396.8,743956.1597,5206025.79,27641368.85,785830.6852,3694579.55,4901642.816,518730.252,24868138.2,4155281.331,1842451.791,827486.5448,269539214.4,4302142.836,7028332.982,465895.0967,2459964.377,7771879.143,237525.8662,365691.4343,11854864.05,3722213.457,2767272.008,86434405.4,11179978.99,517746.2553,66570792.33,43094080.11,1789753.302,59795975.16,89852727.88,23035198.38,21437406.43,7673014.81,20354026.08,12167775,51790560.81,7286058.114,4934497.372,88259.03591,1198015.963,12224546.14,13185664.9,15018686.72,2709954.201,1778082.008,437960.5241,12983672.25,1511282.241,22786411.21,6045156.295,2248842.422
02/01/22,45134356.1,32785.66333,1100969.896,5508210.01,1230801.123,595797.4668,31598685.71,743633.487,5203767.805,27629380.09,785489.8505,3692977.117,4899516.849,518505.2655,24857352.26,4153479.08,1841652.673,827127.643,269422308.4,4300276.888,7025284.616,465693.0262,2458897.428,7768508.283,237422.8453,365532.8247,11849722.3,3720599.039,2766071.772,86396916.61,11175129.95,517521.6956,66541918.9,43075389.12,1788977.041,59770040.14,89813756.47,23025207.43,21428108.48,7669686.829,20345198.02,12162497.52,51768097.93,7282897.966,4932357.155,88220.75574,1197496.353,12219244.04,13179945.94,15012172.74,2708778.825,1777310.809,437770.5696,12978040.9,1510626.759,22776528.17,6042534.358,2247867.042
04/01/22,47635134.56,34602.23252,1161971.803,5813405.745,1298996.644,628809.0704,33349487.53,784836.3039,5492095.181,29160252.9,829011.8208,3897595.471,5170986.463,547234.3073,26234634.15,4383612.662,1943693.906,872956.6561,284350304.8,4538544.158,7414537.549,491495.8777,2595138.604,8198941.325,250577.8338,385786.0574,12506284.9,3926747.852,2919332.687,91183947.31,11794315.13,546196.2403,70228835.3,45462085.52,1888099.653,63081744.17,94790105.48,24300974.89,22615384.8,8094644.429,21472473.06,12836390.2,54636434.95,7686424.591,5205646.366,93108.84067,1263846.543,12896280.89,13910212.81,15843958.58,2858865.286,1875787.025,462026.3097,13697120.73,1594326.698,24038516.95,6377335.629,2372415.567
05/01/22,50043239.47,36351.4835,1220713.109,6107291.571,1364664.983,660597.3339,35035408.33,824512.2316,5769737.754,30634394.81,870920.9589,4094631.101,5432395.987,574898.7116,27560876.88,4605217.98,2041953.707,917087.3429,298725101.3,4767981.747,7789365.592,516342.5302,2726330.97,8613423.43,263245.3263,405288.7481,13138516.68,4125257.226,3066914.077,95793580.78,12390554.62,573808.167,73779122.38,47760336.01,1983548.99,66270723.46,99582041.52,25529465.1,23758663.17,8503854,22557973.67,13485309.83,57398477.47,8074997.373,5468808.056,97815.78352,1327737.935,13548228.19,14613417.54,16644920.19,3003389.86,1970613.921,485383.1834,14389552.99,1674924.895,25253739.1,6699729.874,2492348.587
06/01/22,47673845.42,34630.35214,1162916.084,5818130.029,1300052.278,629320.0743,33376589.1,785474.1038,5496558.35,29183950.08,829685.52,3900762.865,5175188.683,547679.0191,26255953.81,4387175.02,1945273.456,873666.0673,284581383,4542232.421,7420562.998,491895.2935,2597247.552,8205604.223,250781.4668,386099.5677,12516448.17,3929938.937,2921705.093,91258048.25,11803899.82,546640.1085,70285907,45499030.44,1889634.023,63133007.76,94867136.98,24320723.16,22633763.27,8101222.569,21489922.74,12846821.73,54680835.43,7692670.99,5209876.752,93184.50589,1264873.612,12906761.1,13921517,15856834.22,2861188.552,1877311.39,462401.777,13708251.74,1595622.334,24058051.94,6382518.193,2374343.519
07/01/22,48057973.57,34909.3834,1172286.186,5865009.141,1310527.344,634390.7699,33645518.27,791802.9979,5540846.425,29419097.4,836370.644,3932192.946,5216887.347,552091.8985,26467509.03,4422524.327,1960947.339,880705.5609,286874374.5,4578831.092,7480353.584,495858.7001,2618174.664,8271720.215,252802.1181,389210.5338,12617298.44,3961604.102,2945246.495,91993352.6,11899008.79,551044.617,70852230.01,45865635.2,1904859.597,63641696.87,95631521.26,24516685.42,22816132.99,8166497.515,21663076.05,12950333.96,55121421.84,7754654.064,5251854.913,93935.33251,1275065.229,13010756.29,14033688.49,15984599.38,2884242.348,1892437.674,466127.5419,13818704.87,1608478.931,24251897.74,6433944.817,2393474.6